sum_of_errors,continuous_vertices,bikengrowth_vertices,continuous_disconnected_pairs,bikengrowth_disconnected_pairs,prune_quantile,continuous_abstract_edges,bikengrowth_abstract_edges
-3766.2812376682086,1446,1486,696,696,0.25,18,18
-7294.9953700104625,3590,3487,570,551,0.5,43,43
1451.9373120556838,5197,5124,306,335,0.75,70,70
4797.649481778911,6791,6807,0,0,1,103,104
2171.4380952893953,1538,1486,686,696,0.25,18,18
1018.3410842722978,3556,3487,551,551,0.5,43,43
8888.94946365196,5306,5124,306,335,0.75,70,70
31357.622233274924,6913,6807,0,0,1,102,104
2171.4380952893953,1538,1486,686,696,0.25,18,18
9146.557604049995,3474,3487,531,551,0.5,43,43
47657.514252894514,5033,5124,335,335,0.75,70,70
-6390.743053766075,6759,6807,0,0,1,104,104
6033.95044214341,1618,1486,686,696,0.25,18,18
19458.572593298595,3409,3487,531,551,0.5,43,43
34726.08445285882,5046,5124,306,335,0.75,70,70
32171.491014278407,6854,6807,0,0,1,102,104
6441.376877997402,1613,1486,696,696,0.25,18,18
36046.89699505182,3605,3487,551,551,0.5,43,43
23884.70829674973,5396,5124,306,335,0.75,70,70
438.5114553495323,7005,6807,0,0,1,103,104
3320.638490436604,1648,1486,686,696,0.25,18,18
40590.791675726075,3570,3487,551,551,0.5,43,43
4030.8433152663893,5029,5124,335,335,0.75,70,70
-16044.641985624394,6850,6807,0,0,1,104,104
1241.3167994626,1464,1486,686,696,0.25,18,18
422.6370050803671,3390,3487,551,551,0.5,43,43
-5219.435236222439,5177,5124,335,335,0.75,70,70
-15073.467840786558,6782,6807,0,0,1,102,104
797.1051775742949,1535,1486,696,696,0.25,18,18
13062.2447144702,3619,3487,551,551,0.5,43,43
22002.469331935303,5132,5124,276,335,0.75,70,70
-16691.94458481796,6852,6807,0,0,1,103,104
2528.6213847790787,1528,1486,696,696,0.25,18,18
-115.41246236354982,3378,3487,551,551,0.5,43,43
8002.582940557615,5099,5124,306,335,0.75,70,70
30068.644529186346,6761,6807,0,0,1,102,104
3553.7211529422057,1540,1486,696,696,0.25,18,18
19392.294118871534,3775,3487,551,551,0.5,43,43
98297.74153574984,5348,5124,306,335,0.75,70,70
152220.21259842018,6982,6807,0,0,1,102,104
2171.4380952893953,1538,1486,686,696,0.25,18,18
-285.37060158700933,3595,3487,551,551,0.5,43,43
8065.073798546609,5311,5124,335,335,0.75,70,70
85583.36264767732,6933,6807,0,0,1,102,104
7230.599288559399,1509,1486,686,696,0.25,18,18
4415.870012622276,3470,3487,531,551,0.5,43,43
-5956.203942634201,5137,5124,335,335,0.75,70,70
-51744.517766088655,6828,6807,0,0,1,103,104
2138.245836617497,1643,1486,696,696,0.25,18,18
21505.206588289002,3738,3487,551,551,0.5,43,43
59853.40831672536,5328,5124,276,335,0.75,70,70
143507.2841864805,6879,6807,0,0,1,102,104
-5080.107636330929,1655,1486,696,696,0.25,18,18
3636.3446391219636,3421,3487,551,551,0.5,43,43
6591.963433927271,4998,5124,306,335,0.75,70,70
-5897.778711196775,6655,6807,0,0,1,101,104
1335.6240939814907,1507,1486,696,696,0.25,18,18
27546.40593129913,3483,3487,551,551,0.5,43,43
15533.82241589595,5155,5124,306,335,0.75,70,70
31399.89824718402,6875,6807,0,0,1,104,104
403.1573435552932,1506,1486,696,696,0.25,18,18
43091.62108747967,3593,3487,531,551,0.5,43,43
-25360.5880676337,5220,5124,306,335,0.75,70,70
45508.31897344888,6801,6807,0,0,1,101,104
-482.9047779613056,1573,1486,696,696,0.25,18,18
-14544.968157263742,3576,3487,551,551,0.5,43,43
-4807.6768565546245,5070,5124,306,335,0.75,70,70
-14697.142446393013,6857,6807,0,0,1,103,104
4889.816088914406,1508,1486,686,696,0.25,18,18
55146.38203878702,3270,3487,531,551,0.5,43,43
13534.452430057589,5186,5124,306,335,0.75,70,70
26579.471049298016,6922,6807,0,0,1,103,104
-365.99810564360087,1651,1486,686,696,0.25,18,18
15144.110263022716,3609,3487,531,551,0.5,43,43
29727.589098357443,5215,5124,335,335,0.75,70,70
75470.3887648408,7014,6807,0,0,1,104,104
1728.7127196802994,1535,1486,686,696,0.25,18,18
12385.071447771741,3599,3487,531,551,0.5,43,43
6502.169232718969,5253,5124,306,335,0.75,70,70
20721.093804555458,6713,6807,38,0,1,101,104
-2767.6932098663974,1479,1486,696,696,0.25,18,18
20917.429099190915,3524,3487,551,551,0.5,43,43
109693.44218625432,5227,5124,276,335,0.75,70,70
169772.90966757337,6962,6807,0,0,1,103,104
4889.816088914406,1508,1486,686,696,0.25,18,18
16707.663638305094,3525,3487,531,551,0.5,43,43
-7582.575960218835,5284,5124,306,335,0.75,70,70
12380.287331879606,6892,6807,0,0,1,102,104
0.0,1478,1486,696,696,0.25,18,18
-3091.6272901185225,3547,3487,570,551,0.5,43,43
69336.65503511333,5055,5124,335,335,0.75,70,70
19183.18994656267,6707,6807,0,0,1,103,104
4889.816088914406,1508,1486,686,696,0.25,18,18
3267.057759111993,3539,3487,551,551,0.5,43,43
12731.68474768198,5235,5124,335,335,0.75,70,70
137735.5290437923,6747,6807,0,0,1,102,104
-1136.2077415676004,1519,1486,696,696,0.25,18,18
805.6423811347931,3541,3487,551,551,0.5,43,43
26967.340115452214,5245,5124,306,335,0.75,70,70
93815.78614764955,6641,6807,0,0,1,101,104
6033.95044214341,1620,1486,686,696,0.25,18,18
12867.004537510093,3823,3487,551,551,0.5,43,43
119000.00431546764,5225,5124,276,335,0.75,70,70
17884.131064903842,6796,6807,0,0,1,101,104
4889.816088914406,1508,1486,686,696,0.25,18,18
3672.9351040934816,3434,3487,531,551,0.5,43,43
-15234.554746110127,5110,5124,335,335,0.75,70,70
11051.583674526306,6497,6807,0,0,1,103,104
5744.683302449988,1607,1486,696,696,0.25,18,18
34357.3323733695,3912,3487,551,551,0.5,43,43
9880.547549999688,5432,5124,335,335,0.75,70,70
45398.767010267184,6968,6807,0,0,1,103,104
-1091.1600332629068,1502,1486,696,696,0.25,18,18
27481.729010205818,3521,3487,531,551,0.5,43,43
19546.715017097893,5210,5124,306,335,0.75,70,70
32841.2129776628,6686,6807,0,0,1,103,104
4889.816088914406,1508,1486,686,696,0.25,18,18
-1643.456908453919,3461,3487,551,551,0.5,43,43
42945.24191201469,5308,5124,306,335,0.75,70,70
-15221.888676659675,7003,6807,0,0,1,104,104
1241.3167994626,1464,1486,686,696,0.25,18,18
3068.885791471487,3587,3487,551,551,0.5,43,43
4803.803273644288,5255,5124,306,335,0.75,70,70
-37444.88311385419,6923,6807,0,0,1,103,104
-2939.1637384798137,1514,1486,696,696,0.25,18,18
2898.030042945368,3459,3487,531,551,0.5,43,43
-10792.034291157011,5447,5124,306,335,0.75,70,70
72302.52250747754,6713,6807,0,0,1,103,104
-1136.2077415676004,1521,1486,696,696,0.25,18,18
31142.798925672738,3546,3487,531,551,0.5,43,43
63465.365250350806,5132,5124,306,335,0.75,70,70
33312.54519085893,6733,6807,0,0,1,102,104
2171.4380952893953,1538,1486,686,696,0.25,18,18
24014.364694293166,3609,3487,531,551,0.5,43,43
5651.328152918798,5083,5124,306,335,0.75,70,70
69188.12743405804,6727,6807,0,0,1,102,104
5525.553292942297,1600,1486,686,696,0.25,18,18
58083.491795194874,3650,3487,531,551,0.5,43,43
40352.40297533218,5351,5124,306,335,0.75,70,70
63443.568301732405,6957,6807,0,0,1,103,104
3874.9710216998023,1601,1486,696,696,0.25,18,18
10332.032845353475,3829,3487,551,551,0.5,43,43
59141.01971203854,5370,5124,306,335,0.75,70,70
13938.089755763665,7164,6807,0,0,1,103,104
4889.816088914406,1508,1486,686,696,0.25,18,18
-15471.125015609457,3494,3487,551,551,0.5,43,43
616.5621902048169,5199,5124,335,335,0.75,70,70
-5612.850821747855,6781,6807,0,0,1,101,104
-2939.1637384798137,1563,1486,696,696,0.25,18,18
7328.586134590062,3612,3487,531,551,0.5,43,43
-23123.487602149035,5522,5124,335,335,0.75,70,70
-42829.0683351489,7208,6807,0,0,1,103,104
9087.704785831804,1560,1486,686,696,0.25,18,18
-4132.445542590749,3622,3487,551,551,0.5,43,43
-7543.126715640771,5167,5124,276,335,0.75,70,70
20738.13252837182,6546,6807,0,0,1,102,104
-3152.0928627674066,1468,1486,696,696,0.25,18,18
19224.409777604138,3464,3487,531,551,0.5,43,43
59595.0521753999,5117,5124,306,335,0.75,70,70
62120.57126993396,6813,6807,0,0,1,102,104
3596.7091052184883,1519,1486,686,696,0.25,18,18
17687.65435207854,3472,3487,551,551,0.5,43,43
9342.762761294733,5148,5124,335,335,0.75,70,70
35855.84897105408,6685,6807,0,0,1,102,104
0.0,1486,1486,696,696,0.25,18,18
-5001.202458422745,3466,3487,551,551,0.5,43,43
20290.132238458933,5248,5124,306,335,0.75,70,70
-27869.297081739445,6706,6807,0,0,1,102,104
6441.376877997402,1613,1486,696,696,0.25,18,18
14522.713022089236,3593,3487,551,551,0.5,43,43
18213.10976550241,5323,5124,335,335,0.75,70,70
3731.41893285077,7073,6807,0,0,1,103,104
-5550.3703194931295,1750,1486,696,696,0.25,18,18
7007.078815487943,3784,3487,551,551,0.5,43,43
71790.71485938183,5176,5124,276,335,0.75,70,70
78639.88488071792,7018,6807,0,0,1,103,104
217.01449697839485,1545,1486,696,696,0.25,18,18
-3054.7752166676273,3662,3487,551,551,0.5,43,43
-11854.721395808654,5316,5124,306,335,0.75,70,70
-25775.521479631505,6905,6807,0,0,1,102,104
267.5980469396018,1876,1486,686,696,0.25,18,18
12855.140392411298,3787,3487,531,551,0.5,43,43
28308.623475411965,5389,5124,306,335,0.75,70,70
22529.395422207617,7026,6807,0,0,1,102,104
7230.599288559399,1509,1486,686,696,0.25,18,18
26060.05362975799,3612,3487,551,551,0.5,43,43
2289.4100660696677,5245,5124,306,335,0.75,70,70
18665.310231225805,7018,6807,0,0,1,104,104
-806.0088007838981,1678,1486,696,696,0.25,18,18
59036.92986399086,3664,3487,551,551,0.5,43,43
44643.23985451284,5179,5124,306,335,0.75,70,70
80548.63123759298,6890,6807,0,0,1,101,104
-5140.252067952627,1666,1486,686,696,0.25,18,18
-5232.994213454167,3690,3487,551,551,0.5,43,43
-230.9452206689948,5341,5124,335,335,0.75,70,70
-19459.54650997562,6958,6807,0,0,1,103,104
0.0,1547,1486,696,696,0.25,18,18
-5990.389147734153,3547,3487,551,551,0.5,43,43
-32887.488783395005,5209,5124,335,335,0.75,70,70
22845.029303568037,6709,6807,0,0,1,102,104
-2939.1637384798137,1537,1486,696,696,0.25,18,18
6675.774726316265,3530,3487,551,551,0.5,43,43
52302.364706248365,5293,5124,276,335,0.75,70,70
-3857.9640924594714,6829,6807,0,0,1,102,104
-2717.8795835330025,1491,1486,696,696,0.25,18,18
-17187.0873056033,3925,3487,551,551,0.5,43,43
-6671.045382960058,5314,5124,306,335,0.75,70,70
-66400.42773090921,6803,6807,0,0,1,101,104
2171.4380952893953,1538,1486,686,696,0.25,18,18
3520.255241186575,3427,3487,551,551,0.5,43,43
28176.18905651511,4955,5124,306,335,0.75,70,70
-19533.97493027755,6621,6807,0,0,1,102,104
-5703.455022230415,1692,1486,696,696,0.25,18,18
842.9230505341416,3781,3487,551,551,0.5,43,43
37284.238208802104,5157,5124,306,335,0.75,70,70
-2503.239700102873,6748,6807,0,0,1,101,104
-2939.1637384798137,1537,1486,696,696,0.25,18,18
2818.6640260405393,3580,3487,551,551,0.5,43,43
-20444.962278479943,5349,5124,335,335,0.75,70,70
19535.58326135006,7036,6807,0,0,1,102,104
27719.730349428424,1646,1486,686,696,0.25,18,18
24017.676855342906,3622,3487,551,551,0.5,43,43
14012.347774570806,5248,5124,306,335,0.75,70,70
47543.972583150506,6950,6807,0,0,1,102,104
5758.129124626703,1561,1486,696,696,0.25,18,18
18488.8538674042,3472,3487,551,551,0.5,43,43
-4829.589006599928,5086,5124,335,335,0.75,70,70
56110.22251132982,6875,6807,0,0,1,103,104
3874.9710216998023,1601,1486,696,696,0.25,18,18
-4343.055516618406,3671,3487,551,551,0.5,43,43
18445.09698680421,5395,5124,306,335,0.75,70,70
40877.59064054744,7258,6807,0,0,1,103,104
7289.3888036643875,1707,1486,686,696,0.25,18,18
-3451.8104935094016,3955,3487,531,551,0.5,43,43
8403.317862524373,5273,5124,306,335,0.75,70,70
-687.2614964539971,6839,6807,0,0,1,102,104
6441.376877997402,1613,1486,696,696,0.25,18,18
24692.218280275483,3566,3487,531,551,0.5,43,43
47107.296272412575,5297,5124,306,335,0.75,70,70
30085.659130449894,6908,6807,0,0,1,102,104
4889.816088914406,1508,1486,686,696,0.25,18,18
1631.9938224514017,3485,3487,551,551,0.5,43,43
6443.737065524714,5244,5124,335,335,0.75,70,70
6733.928874053863,6618,6807,38,0,1,102,104
2171.4380952893953,1538,1486,686,696,0.25,18,18
3491.449294693909,3553,3487,551,551,0.5,43,43
-11117.56594579036,5455,5124,335,335,0.75,70,70
-34268.664763735214,7141,6807,0,0,1,104,104
4858.977248244506,1560,1486,686,696,0.25,18,18
-8464.54478125444,3458,3487,570,551,0.5,43,43
13316.965351061615,5327,5124,306,335,0.75,70,70
-25862.829354925605,6961,6807,0,0,1,103,104
3474.9923589129057,1587,1486,696,696,0.25,18,18
25559.25989436496,3623,3487,531,551,0.5,43,43
8587.092393193292,5127,5124,306,335,0.75,70,70
14630.794068000772,6673,6807,38,0,1,102,104
2171.4380952893953,1502,1486,686,696,0.25,18,18
-1705.3488505552245,3514,3487,551,551,0.5,43,43
-24117.212590509,5156,5124,306,335,0.75,70,70
73630.46037205785,6943,6807,0,0,1,102,104
-830.6697171963997,1503,1486,696,696,0.25,18,18
-6002.152306664839,3568,3487,551,551,0.5,43,43
-13658.21769868611,5182,5124,335,335,0.75,70,70
-29146.619797857587,6685,6807,0,0,1,102,104
2171.4380952893953,1538,1486,686,696,0.25,18,18
37833.975055221934,3565,3487,531,551,0.5,43,43
-3841.2607924635577,5102,5124,306,335,0.75,70,70
-2216.798745498228,6832,6807,0,0,1,103,104
403.1573435552932,1506,1486,696,696,0.25,18,18
3283.6985623308783,3547,3487,551,551,0.5,43,43
-21264.35466611599,5170,5124,306,335,0.75,70,70
-41493.28847509695,6778,6807,0,0,1,103,104
6033.95044214341,1619,1486,686,696,0.25,18,18
15191.367949272491,3779,3487,551,551,0.5,43,43
47293.662078490175,5286,5124,306,335,0.75,70,70
4801.693414195743,6859,6807,0,0,1,103,104
-1136.2077415676004,1519,1486,696,696,0.25,18,18
1362.0086262996601,3543,3487,551,551,0.5,43,43
13541.154354573615,5124,5124,335,335,0.75,70,70
24847.30038773785,6878,6807,0,0,1,103,104
2988.7162414588893,1628,1486,696,696,0.25,18,18
14572.435719723017,3320,3487,551,551,0.5,43,43
17618.003984859643,5059,5124,335,335,0.75,70,70
51496.018283730955,6962,6807,0,0,1,104,104
0.0,1428,1486,696,696,0.25,18,18
2892.479887038393,3552,3487,551,551,0.5,43,43
-27665.244423153552,5231,5124,335,335,0.75,70,70
6095.177826489573,7057,6807,0,0,1,104,104
1949.0236333945968,1583,1486,686,696,0.25,18,18
-3382.9475094607055,3625,3487,551,551,0.5,43,43
652.884064140258,5175,5124,306,335,0.75,70,70
-17758.41945020484,6686,6807,0,0,1,101,104
-2767.6932098663974,1638,1486,696,696,0.25,18,18
53725.1157952622,3739,3487,531,551,0.5,43,43
127793.59836258307,5242,5124,245,335,0.75,70,70
120508.66282708026,6911,6807,0,0,1,102,104
7230.599288559399,1509,1486,686,696,0.25,18,18
29312.796052780053,3556,3487,531,551,0.5,43,43
18377.560080995827,5123,5124,306,335,0.75,70,70
68242.94535380435,6783,6807,0,0,1,103,104
2171.4380952893953,1538,1486,686,696,0.25,18,18
5192.28358938335,3541,3487,551,551,0.5,43,43
-4803.559473830428,5176,5124,335,335,0.75,70,70
-40136.1819669536,6732,6807,0,0,1,103,104
4889.816088914406,1461,1486,686,696,0.25,18,18
-3755.615519801843,3501,3487,551,551,0.5,43,43
18387.752282191825,5335,5124,306,335,0.75,70,70
-31459.215108649325,6949,6807,0,0,1,102,104
2171.4380952893953,1538,1486,686,696,0.25,18,18
4415.870012622276,3470,3487,531,551,0.5,43,43
-9896.673173762603,4937,5124,335,335,0.75,70,70
-15127.204105588979,6725,6807,0,0,1,103,104
12273.571967314612,1492,1486,686,696,0.25,18,18
20283.118896215456,3530,3487,531,551,0.5,43,43
32587.035785952387,4984,5124,306,335,0.75,70,70
32317.76274461669,6868,6807,0,0,1,102,104
6033.95044214341,1618,1486,686,696,0.25,18,18
17614.977579601975,3666,3487,551,551,0.5,43,43
39992.546474497954,5303,5124,306,335,0.75,70,70
17655.850225236285,6802,6807,0,0,1,102,104
1241.3167994626,1464,1486,686,696,0.25,18,18
4971.8214284202895,3583,3487,551,551,0.5,43,43
-5682.9691225936185,5210,5124,335,335,0.75,70,70
44055.28150470855,6546,6807,0,0,1,101,104
1443.7753730247966,1707,1486,696,696,0.25,18,18
19341.286103313087,3896,3487,531,551,0.5,43,43
-10475.473157628168,5346,5124,306,335,0.75,70,70
-52476.82142148563,6927,6807,0,0,1,102,104
-107.84716595700047,1551,1486,696,696,0.25,18,18
6425.003439354039,3576,3487,551,551,0.5,43,43
13320.313625288709,5404,5124,306,335,0.75,70,70
-4437.019288248503,7147,6807,0,0,1,103,104
403.1573435552932,1506,1486,696,696,0.25,18,18
7917.213761046754,3580,3487,551,551,0.5,43,43
15457.275929923013,5238,5124,306,335,0.75,70,70
41415.37344173457,6919,6807,0,0,1,103,104
7455.957246784987,1517,1486,686,696,0.25,18,18
11592.602763355222,3543,3487,531,551,0.5,43,43
10789.01920577155,5044,5124,335,335,0.75,70,70
11491.300675295197,6779,6807,0,0,1,103,104
18841.277371149907,1622,1486,696,696,0.25,18,18
18488.843659783284,3653,3487,551,551,0.5,43,43
78767.51399971354,5208,5124,306,335,0.75,70,70
55949.397717387874,6818,6807,0,0,1,102,104
31550.919620082306,1594,1486,686,696,0.25,18,18
23212.154988119735,3566,3487,531,551,0.5,43,43
26236.076542309962,5416,5124,306,335,0.75,70,70
49066.92540001009,6959,6807,0,0,1,103,104
738.0698197077963,1552,1486,696,696,0.25,18,18
36802.554605593476,3667,3487,531,551,0.5,43,43
35416.05943819033,5264,5124,306,335,0.75,70,70
11862.743576170322,6733,6807,0,0,1,102,104
6568.446494279301,1555,1486,696,696,0.25,18,18
-485.6772974564092,3618,3487,551,551,0.5,43,43
20792.025971164083,5405,5124,335,335,0.75,70,70
78867.30143792905,7280,6807,0,0,1,103,104
-107.84716595700047,1551,1486,696,696,0.25,18,18
-2082.457461029604,3732,3487,551,551,0.5,43,43
67725.22505650313,5151,5124,306,335,0.75,70,70
28427.43273484424,6717,6807,0,0,1,102,104
4468.286137529401,1786,1486,696,696,0.25,18,18
6421.5133695224295,3711,3487,531,551,0.5,43,43
15048.055924849421,5433,5124,306,335,0.75,70,70
24913.223509612537,6920,6807,0,0,1,102,104
5053.312440460997,1660,1486,686,696,0.25,18,18
-7866.01996170464,3693,3487,551,551,0.5,43,43
-3294.5591118266766,5268,5124,306,335,0.75,70,70
35821.90490033269,6934,6807,0,0,1,104,104
-1136.2077415676004,1519,1486,696,696,0.25,18,18
805.6423811347931,3541,3487,551,551,0.5,43,43
71757.29403158609,5218,5124,306,335,0.75,70,70
40335.30882983686,6896,6807,0,0,1,102,104
12273.571967314612,1492,1486,686,696,0.25,18,18
23594.709743350562,3529,3487,551,551,0.5,43,43
3866.8968608777923,5094,5124,335,335,0.75,70,70
11912.878329588315,6503,6807,38,0,1,101,104
2528.6213847790787,1528,1486,696,696,0.25,18,18
1427.7384121212644,3531,3487,531,551,0.5,43,43
21724.265328686117,5281,5124,306,335,0.75,70,70
41534.63638556456,6878,6807,0,0,1,103,104
0.0,1547,1486,696,696,0.25,18,18
39479.20429619965,3301,3487,551,551,0.5,43,43
-15052.559584033363,5112,5124,306,335,0.75,70,70
64529.659174017914,6819,6807,0,0,1,102,104
-779.0021381124016,1556,1486,696,696,0.25,18,18
10193.506872045358,3459,3487,551,551,0.5,43,43
11514.946269251655,4917,5124,306,335,0.75,70,70
57068.326238082365,6569,6807,0,0,1,103,104
5758.129124626703,1674,1486,696,696,0.25,18,18
335.7986922942114,3650,3487,551,551,0.5,43,43
10626.541319088667,5361,5124,306,335,0.75,70,70
15412.04699596299,6858,6807,0,0,1,103,104
7230.599288559399,1509,1486,686,696,0.25,18,18
29472.902792524867,3558,3487,531,551,0.5,43,43
-4044.825913322865,5204,5124,335,335,0.75,70,70
11943.718285954817,6767,6807,0,0,1,103,104
3320.638490436604,1616,1486,686,696,0.25,18,18
12211.217423464552,3601,3487,551,551,0.5,43,43
-3847.657238281733,5193,5124,335,335,0.75,70,70
26414.661538529494,6795,6807,0,0,1,104,104
0.0,1508,1486,696,696,0.25,18,18
29519.27607856853,3619,3487,551,551,0.5,43,43
42944.79541012669,5148,5124,306,335,0.75,70,70
24217.58950099937,6746,6807,0,0,1,101,104
-4581.863911916409,1837,1486,696,696,0.25,18,18
-7850.900878733239,3744,3487,551,551,0.5,43,43
60698.49866365945,5423,5124,306,335,0.75,70,70
-29050.315690157295,7035,6807,0,0,1,102,104
11557.020130726596,1516,1486,686,696,0.25,18,18
57517.28215050457,3386,3487,531,551,0.5,43,43
15089.66235282899,5004,5124,306,335,0.75,70,70
-48727.200886909086,6600,6807,38,0,1,102,104
2171.4380952893953,1538,1486,686,696,0.25,18,18
19851.242489091965,3616,3487,531,551,0.5,43,43
-9549.439254595107,5438,5124,335,335,0.75,70,70
-62750.97164008655,7199,6807,0,0,1,103,104
7474.511054219303,1682,1486,686,696,0.25,18,18
14765.367440436245,3509,3487,531,551,0.5,43,43
30302.340236175893,5302,5124,306,335,0.75,70,70
-21514.845978515026,6975,6807,0,0,1,103,104
7230.599288559399,1509,1486,686,696,0.25,18,18
26185.418361046162,3471,3487,551,551,0.5,43,43
20548.073819093435,4983,5124,306,335,0.75,70,70
-28587.47227561759,6923,6807,0,0,1,103,104
0.0,1478,1486,696,696,0.25,18,18
7472.069991316897,3531,3487,551,551,0.5,43,43
100010.39176742145,5195,5124,306,335,0.75,70,70
-19287.68101611443,6910,6807,0,0,1,103,104
4889.816088914406,1508,1486,686,696,0.25,18,18
-3921.8959017749276,3422,3487,551,551,0.5,43,43
-6075.313688573125,5036,5124,335,335,0.75,70,70
-33423.25942481773,6510,6807,38,0,1,102,104
4889.816088914406,1508,1486,686,696,0.25,18,18
21558.02450115567,3554,3487,551,551,0.5,43,43
34894.32632974508,5226,5124,306,335,0.75,70,70
12508.477679502192,6805,6807,0,0,1,103,104
2940.3524047669944,1677,1486,696,696,0.25,18,18
13631.809762624587,3776,3487,551,551,0.5,43,43
31049.74659795443,5253,5124,306,335,0.75,70,70
66755.07081392288,6879,6807,0,0,1,102,104
1578.350558912698,1549,1486,686,696,0.25,18,18
-8702.590788898164,3774,3487,551,551,0.5,43,43
12207.182914082094,5400,5124,306,335,0.75,70,70
-22080.495410283365,6907,6807,0,0,1,102,104
4037.9563863451885,1546,1486,686,696,0.25,18,18
5109.332970935844,3564,3487,531,551,0.5,43,43
59612.99713969733,5189,5124,306,335,0.75,70,70
21337.179258205193,6718,6807,38,0,1,101,104
11557.020130726596,1516,1486,686,696,0.25,18,18
57517.28215050457,3386,3487,531,551,0.5,43,43
40356.74545324019,5037,5124,306,335,0.75,70,70
-15571.099209851938,6689,6807,0,0,1,101,104
2122.2026449087944,1631,1486,696,696,0.25,18,18
15806.92856478778,3715,3487,551,551,0.5,43,43
26889.148877464988,5110,5124,276,335,0.75,70,70
67410.56165412166,6938,6807,0,0,1,103,104
0.0,1478,1486,696,696,0.25,18,18
-323.98558160320226,3362,3487,551,551,0.5,43,43
34812.12130019026,5046,5124,306,335,0.75,70,70
49331.306575744005,6810,6807,0,0,1,103,104
5818.777276584499,1830,1486,686,696,0.25,18,18
-2971.5626532168276,3643,3487,551,551,0.5,43,43
51357.84132433684,5372,5124,306,335,0.75,70,70
-25872.32570554394,6907,6807,0,0,1,102,104
-147.6092274056009,1491,1486,696,696,0.25,18,18
-5889.241439072409,3584,3487,570,551,0.5,43,43
63052.07175147678,5316,5124,306,335,0.75,70,70
16584.010479396966,6907,6807,0,0,1,103,104
0.0,1508,1486,696,696,0.25,18,18
11173.679300629385,3445,3487,531,551,0.5,43,43
6777.533915951818,5138,5124,306,335,0.75,70,70
-29131.44063988469,6856,6807,38,0,1,102,104
4889.816088914406,1461,1486,686,696,0.25,18,18
21701.686089867188,3600,3487,551,551,0.5,43,43
-32224.358861421526,5256,5124,335,335,0.75,70,70
20677.861567524604,6922,6807,0,0,1,103,104
1241.3167994626,1464,1486,686,696,0.25,18,18
-3722.195114134819,3473,3487,551,551,0.5,43,43
4280.7848623866,5079,5124,306,335,0.75,70,70
-6369.400484037332,6560,6807,38,0,1,102,104
2528.6213847790787,1528,1486,696,696,0.25,18,18
-461.5098767358477,3484,3487,551,551,0.5,43,43
423.97386978076975,5333,5124,276,335,0.75,70,70
-22398.179708048883,6831,6807,0,0,1,102,104
0.0,1552,1486,696,696,0.25,18,18
-1007.3065470626252,3368,3487,551,551,0.5,43,43
-12586.623517720534,5094,5124,335,335,0.75,70,70
-19932.356268082847,6773,6807,0,0,1,102,104
13259.483688784603,1608,1486,686,696,0.25,18,18
-3852.0540027986704,3583,3487,551,551,0.5,43,43
28313.708020953287,5239,5124,335,335,0.75,70,70
34806.913413079485,7079,6807,0,0,1,103,104
3423.768063511884,1652,1486,696,696,0.25,18,18
4728.609174854817,3885,3487,551,551,0.5,43,43
22985.07620958735,5529,5124,276,335,0.75,70,70
83656.46093618595,7028,6807,0,0,1,102,104
6441.376877997402,1613,1486,696,696,0.25,18,18
57666.174583896965,3624,3487,531,551,0.5,43,43
20644.91603599101,5384,5124,306,335,0.75,70,70
16802.4679500508,6999,6807,0,0,1,103,104
4037.9563863451885,1546,1486,686,696,0.25,18,18
5533.275842279019,3468,3487,551,551,0.5,43,43
1687.5921866825947,4937,5124,335,335,0.75,70,70
29337.007499901323,6868,6807,0,0,1,104,104
3639.990529192297,1692,1486,696,696,0.25,18,18
26915.975529657713,3869,3487,551,551,0.5,43,43
78044.55534026446,5307,5124,306,335,0.75,70,70
35905.50320881789,7016,6807,0,0,1,102,104
2171.4380952893953,1538,1486,686,696,0.25,18,18
12838.647474358922,3611,3487,551,551,0.5,43,43
-7380.134296465394,5323,5124,306,335,0.75,70,70
35680.34029933086,7025,6807,0,0,1,103,104
6033.95044214341,1620,1486,686,696,0.25,18,18
21158.097231371106,3666,3487,551,551,0.5,43,43
31944.726168003475,5158,5124,335,335,0.75,70,70
4464.250943061721,6848,6807,0,0,1,102,104
-2939.1637384798137,1537,1486,696,696,0.25,18,18
7668.358507054259,3383,3487,551,551,0.5,43,43
20561.51479578368,5350,5124,335,335,0.75,70,70
17906.47961150529,6786,6807,0,0,1,102,104
-4034.372696148228,1679,1486,696,696,0.25,18,18
-4355.668789520563,3588,3487,551,551,0.5,43,43
2531.1819092940677,5404,5124,276,335,0.75,70,70
-6991.648044143324,6916,6807,0,0,1,103,104
-779.0021381124016,1556,1486,696,696,0.25,18,18
42860.67328748976,3579,3487,531,551,0.5,43,43
43280.61717114796,5061,5124,335,335,0.75,70,70
69264.57653613959,6650,6807,0,0,1,103,104
5758.129124626703,1561,1486,696,696,0.25,18,18
26176.573442948153,3568,3487,531,551,0.5,43,43
63255.5591783176,5178,5124,306,335,0.75,70,70
26408.610700136574,6757,6807,0,0,1,102,104
-620.5072837435068,1483,1486,696,696,0.25,18,18
22239.955755542585,3710,3487,551,551,0.5,43,43
35673.52526343837,5190,5124,306,335,0.75,70,70
16686.484383235293,6808,6807,0,0,1,102,104
4889.816088914406,1461,1486,686,696,0.25,18,18
2943.754111224795,3603,3487,551,551,0.5,43,43
15790.355101514584,5127,5124,306,335,0.75,70,70
15446.117155801678,6869,6807,0,0,1,102,104
0.0,1552,1486,696,696,0.25,18,18
53499.54970746651,3421,3487,531,551,0.5,43,43
-7931.1083707123935,5082,5124,335,335,0.75,70,70
1235.025413913113,6665,6807,0,0,1,102,104
287.14639226699364,1604,1486,686,696,0.25,18,18
-8299.572828577564,3627,3487,551,551,0.5,43,43
25300.310948828534,5444,5124,276,335,0.75,70,70
-54488.219151177356,6999,6807,38,0,1,102,104
2171.4380952893953,1538,1486,686,696,0.25,18,18
3562.595936646486,3616,3487,551,551,0.5,43,43
23477.242127230376,5043,5124,306,335,0.75,70,70
-34668.8170613379,6771,6807,0,0,1,102,104
4468.286137529401,1721,1486,696,696,0.25,18,18
8583.5037695719,3615,3487,551,551,0.5,43,43
21190.39688749928,5319,5124,306,335,0.75,70,70
-246.37726670002166,6774,6807,0,0,1,103,104
6838.839722309002,1549,1486,686,696,0.25,18,18
-10954.456588153676,3503,3487,551,551,0.5,43,43
-3655.674929115061,5274,5124,306,335,0.75,70,70
-54662.366206386665,7139,6807,0,0,1,104,104
217.01449697839485,1545,1486,696,696,0.25,18,18
7645.277278698746,3548,3487,551,551,0.5,43,43
-21028.476440750364,5351,5124,335,335,0.75,70,70
-28748.12244006261,6849,6807,0,0,1,102,104
6441.376877997402,1613,1486,696,696,0.25,18,18
8582.41069466983,3802,3487,551,551,0.5,43,43
30282.41338540699,5495,5124,306,335,0.75,70,70
47110.59396768739,6965,6807,0,0,1,102,104
6033.95044214341,1620,1486,686,696,0.25,18,18
10920.16302153901,3564,3487,551,551,0.5,43,43
57955.937670723855,5257,5124,306,335,0.75,70,70
51636.204946905935,6830,6807,0,0,1,103,104
637.7526851221037,1567,1486,686,696,0.25,18,18
39311.63636560456,3482,3487,531,551,0.5,43,43
10504.430563658185,5053,5124,335,335,0.75,70,70
-12875.350378941223,6820,6807,0,0,1,103,104
637.7526851221037,1567,1486,686,696,0.25,18,18
12002.621099114484,3514,3487,531,551,0.5,43,43
22406.736465285623,5187,5124,335,335,0.75,70,70
6525.773225800341,6779,6807,0,0,1,102,104
1133.4696335055996,1479,1486,696,696,0.25,18,18
-962.4113978646244,3631,3487,551,551,0.5,43,43
1270.6921928806396,5244,5124,306,335,0.75,70,70
-22979.933365581463,6760,6807,0,0,1,102,104
6455.986094228898,1525,1486,696,696,0.25,18,18
14507.17645143162,3574,3487,551,551,0.5,43,43
22817.28337905593,5178,5124,306,335,0.75,70,70
74844.74482318772,7215,6807,0,0,1,104,104
22410.075405346823,1694,1486,686,696,0.25,18,18
-4578.097627210036,3635,3487,551,551,0.5,43,43
2490.346642719479,5204,5124,306,335,0.75,70,70
-53690.59278638608,6809,6807,0,0,1,102,104
6033.95044214341,1620,1486,686,696,0.25,18,18
13291.299592891508,3591,3487,551,551,0.5,43,43
26056.936892002257,5217,5124,335,335,0.75,70,70
20573.757867019063,6803,6807,0,0,1,103,104
4889.816088914406,1461,1486,686,696,0.25,18,18
-1897.08862391629,3597,3487,551,551,0.5,43,43
-18234.03828777632,5218,5124,306,335,0.75,70,70
34623.08966788928,6845,6807,0,0,1,102,104
-147.6092274056009,1491,1486,696,696,0.25,18,18
1894.789537112264,3581,3487,551,551,0.5,43,43
14022.706951450024,5238,5124,306,335,0.75,70,70
-5562.13718570357,6823,6807,0,0,1,102,104
-830.6697171963997,1470,1486,696,696,0.25,18,18
1940.7281523929032,3672,3487,551,551,0.5,43,43
12957.053067004283,5185,5124,306,335,0.75,70,70
8378.224034633162,6806,6807,0,0,1,102,104
2171.4380952893953,1538,1486,686,696,0.25,18,18
-1020.9795027238761,3593,3487,551,551,0.5,43,43
1065.653064692164,5230,5124,335,335,0.75,70,70
-17876.1120952227,7053,6807,0,0,1,103,104
9328.277343340991,1602,1486,686,696,0.25,18,18
-1570.0792478741873,3689,3487,551,551,0.5,43,43
23487.407728594,5366,5124,306,335,0.75,70,70
-590.2765897648267,7090,6807,38,0,1,102,104
4858.977248244506,1560,1486,686,696,0.25,18,18
-4430.482773004757,3494,3487,551,551,0.5,43,43
-17014.862935663317,5278,5124,306,335,0.75,70,70
24226.653426150326,6979,6807,0,0,1,102,104
6033.95044214341,1620,1486,686,696,0.25,18,18
17570.220439250028,3665,3487,551,551,0.5,43,43
39196.96100229179,5428,5124,306,335,0.75,70,70
10585.91177764522,7040,6807,0,0,1,102,104
4889.816088914406,1508,1486,686,696,0.25,18,18
17820.9183060606,3591,3487,531,551,0.5,43,43
58753.26972450484,5367,5124,306,335,0.75,70,70
62543.162275096896,7110,6807,0,0,1,102,104
5758.129124626703,1643,1486,696,696,0.25,18,18
37684.49721591164,3598,3487,551,551,0.5,43,43
7559.885626168407,5143,5124,306,335,0.75,70,70
81797.88294180292,6897,6807,0,0,1,103,104
2171.4380952893953,1538,1486,686,696,0.25,18,18
4867.47012200957,3520,3487,551,551,0.5,43,43
-4899.569813982039,5201,5124,335,335,0.75,70,70
30468.398676683682,6845,6807,0,0,1,102,104
-7979.231628200323,1671,1486,686,696,0.25,18,18
-1012.9378871689901,3501,3487,570,551,0.5,43,43
-20342.45479965973,5043,5124,306,335,0.75,70,70
-4792.81251461562,6604,6807,0,0,1,102,104
4889.816088914406,1508,1486,686,696,0.25,18,18
3842.697589612576,3417,3487,531,551,0.5,43,43
-4818.108931924622,5135,5124,306,335,0.75,70,70
-5037.178263285994,6582,6807,38,0,1,99,104
-8606.789004640426,1810,1486,696,696,0.25,18,18
-8253.634602276377,3542,3487,551,551,0.5,43,43
76915.89927177891,4961,5124,306,335,0.75,70,70
17976.3316217642,6960,6807,0,0,1,102,104
-1058.4267148693066,1577,1486,696,696,0.25,18,18
8580.628693906012,3616,3487,551,551,0.5,43,43
-4989.832287333632,5142,5124,306,335,0.75,70,70
10462.002160649532,7085,6807,0,0,1,104,104
7230.599288559399,1509,1486,686,696,0.25,18,18
9140.051772210187,3437,3487,551,551,0.5,43,43
10526.192172039313,5033,5124,306,335,0.75,70,70
150115.63324840428,6671,6807,0,0,1,103,104
20677.71730619979,1599,1486,686,696,0.25,18,18
-665.2445729318047,3506,3487,551,551,0.5,43,43
62866.72697042789,5227,5124,306,335,0.75,70,70
10898.856043640453,6840,6807,0,0,1,103,104
11557.020130726596,1516,1486,686,696,0.25,18,18
6280.041800686977,3368,3487,551,551,0.5,43,43
7908.912472458392,5038,5124,335,335,0.75,70,70
-15672.313057359399,6747,6807,0,0,1,102,104
-7979.231628200323,1566,1486,696,696,0.25,18,18
-2355.5623916389695,3626,3487,551,551,0.5,43,43
-10054.001115700634,5145,5124,306,335,0.75,70,70
53497.11465025786,6816,6807,0,0,1,103,104
0.0,1478,1486,696,696,0.25,18,18
52628.039823733634,3279,3487,551,551,0.5,43,43
8184.440651292476,5030,5124,335,335,0.75,70,70
-10867.477627350452,6934,6807,0,0,1,103,104
1241.3167994626,1464,1486,686,696,0.25,18,18
39863.17675686246,3379,3487,531,551,0.5,43,43
47503.984467442424,5159,5124,306,335,0.75,70,70
-4.503049377977732,6578,6807,0,0,1,102,104
0.0,1547,1486,696,696,0.25,18,18
12002.621099114484,3514,3487,531,551,0.5,43,43
25578.885523623143,5137,5124,306,335,0.75,70,70
13965.967153667912,6683,6807,0,0,1,102,104
4778.0021492381065,1644,1486,686,696,0.25,18,18
16971.06266967531,3631,3487,551,551,0.5,43,43
22157.43308293289,5294,5124,306,335,0.75,70,70
-18758.10891352535,6789,6807,0,0,1,102,104
6725.0263754605985,1513,1486,696,696,0.25,18,18
3530.029194725499,3456,3487,551,551,0.5,43,43
7966.396232291358,5361,5124,335,335,0.75,70,70
18446.378838834717,7011,6807,0,0,1,103,104
-2939.1637384798137,1537,1486,696,696,0.25,18,18
259.2436704234833,3488,3487,551,551,0.5,43,43
-4898.914687483977,5286,5124,335,335,0.75,70,70
-42007.5442667427,6876,6807,0,0,1,103,104
16662.8132157599,1719,1486,686,696,0.25,18,18
23246.088958265922,3396,3487,551,551,0.5,43,43
69621.26663129246,5437,5124,306,335,0.75,70,70
60762.41997059989,7143,6807,0,0,1,103,104
-941.1415583315156,1923,1486,696,696,0.25,18,18
7987.940619535992,3850,3487,551,551,0.5,43,43
103912.34468538864,5149,5124,276,335,0.75,70,70
92299.40270388158,6773,6807,0,0,1,102,104
-1754.4995395722003,1602,1486,696,696,0.25,18,18
-10036.541979326441,3612,3487,570,551,0.5,43,43
19769.98857489287,5379,5124,306,335,0.75,70,70
-6215.217755651718,7006,6807,0,0,1,103,104
6033.95044214341,1618,1486,686,696,0.25,18,18
22210.978201510814,3593,3487,551,551,0.5,43,43
33920.823691847945,5397,5124,306,335,0.75,70,70
49575.22322721087,6749,6807,0,0,1,103,104
17190.0761620382,1758,1486,686,696,0.25,18,18
17608.288553919887,3618,3487,551,551,0.5,43,43
55279.34543299525,5320,5124,306,335,0.75,70,70
74793.93545783541,6852,6807,0,0,1,103,104
-1136.2077415676004,1519,1486,696,696,0.25,18,18
24538.66884537589,3513,3487,551,551,0.5,43,43
21065.09086429137,5207,5124,306,335,0.75,70,70
82796.5939524893,6684,6807,0,0,1,103,104
2171.4380952893953,1502,1486,686,696,0.25,18,18
2259.0419006104007,3513,3487,551,551,0.5,43,43
19841.541695580905,5093,5124,306,335,0.75,70,70
11767.07818599674,6654,6807,0,0,1,101,104
2644.9777940471913,1585,1486,696,696,0.25,18,18
9774.962906216026,3520,3487,570,551,0.5,43,43
29476.837823709116,5213,5124,335,335,0.75,70,70
58869.710227163065,6725,6807,0,0,1,101,104
11072.913308761414,1601,1486,686,696,0.25,18,18
12479.157178445039,3482,3487,551,551,0.5,43,43
49954.668041530575,5299,5124,306,335,0.75,70,70
29477.75531656859,6898,6807,0,0,1,103,104
3541.858283526107,1781,1486,686,696,0.25,18,18
11658.505003779179,3569,3487,531,551,0.5,43,43
25054.542824693635,5263,5124,306,335,0.75,70,70
-25204.298444554413,6966,6807,0,0,1,102,104
5489.608527546201,1793,1486,686,696,0.25,18,18
-6367.544633308221,3711,3487,551,551,0.5,43,43
-11233.957835310292,5252,5124,335,335,0.75,70,70
-45466.78071322208,6818,6807,0,0,1,103,104
10345.585878431317,1476,1486,686,696,0.25,18,18
7722.195117824373,3485,3487,531,551,0.5,43,43
54220.986402352515,5136,5124,335,335,0.75,70,70
113349.39690756712,6748,6807,0,0,1,103,104
4889.816088914406,1508,1486,686,696,0.25,18,18
3842.697589612576,3417,3487,531,551,0.5,43,43
14252.123823895698,4958,5124,306,335,0.75,70,70
-13709.116099458264,6480,6807,0,0,1,101,104
1949.0236333945968,1491,1486,686,696,0.25,18,18
-5316.12101708793,3553,3487,551,551,0.5,43,43
21876.21523789687,5148,5124,306,335,0.75,70,70
30375.767509506113,6758,6807,0,0,1,102,104
2171.4380952893953,1538,1486,686,696,0.25,18,18
2268.985261966574,3524,3487,551,551,0.5,43,43
-1583.8527234362664,5126,5124,335,335,0.75,70,70
-7808.455866469629,6828,6807,0,0,1,104,104
5045.670115913991,1620,1486,686,696,0.25,18,18
18275.830513975336,3479,3487,551,551,0.5,43,43
19782.007733257487,5168,5124,335,335,0.75,70,70
44342.045869492125,6640,6807,0,0,1,102,104
-5149.147036571015,1799,1486,696,696,0.25,18,18
39718.8785101398,3834,3487,531,551,0.5,43,43
95861.01043566152,5275,5124,306,335,0.75,70,70
151498.52421569487,6739,6807,0,0,1,103,104
1778.9989874234043,1742,1486,686,696,0.25,18,18
44981.69635938247,3678,3487,551,551,0.5,43,43
68928.60472331378,5248,5124,306,335,0.75,70,70
54578.58347803432,6813,6807,0,0,1,103,104
2171.4380952893953,1538,1486,686,696,0.25,18,18
217.73679990749542,3377,3487,551,551,0.5,43,43
7918.726281676418,5079,5124,335,335,0.75,70,70
5891.783666650599,6811,6807,0,0,1,102,104
7230.599288559399,1509,1486,686,696,0.25,18,18
45818.55886760556,3431,3487,531,551,0.5,43,43
10208.500349748281,5173,5124,306,335,0.75,70,70
55202.565769718305,6893,6807,0,0,1,103,104
5983.1688620694,1653,1486,696,696,0.25,18,18
38984.72623325998,3829,3487,551,551,0.5,43,43
9146.232651889144,5467,5124,306,335,0.75,70,70
74758.12635455438,6954,6807,0,0,1,103,104
5818.777276584499,1782,1486,686,696,0.25,18,18
8345.284365806285,3465,3487,551,551,0.5,43,43
46371.0845036407,5237,5124,335,335,0.75,70,70
-13770.101137846128,6838,6807,0,0,1,102,104
6441.376877997402,1613,1486,696,696,0.25,18,18
15087.164844476694,3466,3487,551,551,0.5,43,43
28956.761967997907,5264,5124,335,335,0.75,70,70
37477.76557212611,6935,6807,0,0,1,103,104
2171.4380952893953,1551,1486,686,696,0.25,18,18
5207.304520877268,3473,3487,551,551,0.5,43,43
11092.926361914308,5233,5124,306,335,0.75,70,70
-23397.618547354876,6953,6807,0,0,1,104,104
-2717.8795835330025,1446,1486,686,696,0.25,18,18
424.9372381388366,3619,3487,551,551,0.5,43,43
8678.690372130139,5279,5124,335,335,0.75,70,70
7297.818117888019,6682,6807,0,0,1,103,104
694.7343151891023,1579,1486,696,696,0.25,18,18
-11897.786716758044,3687,3487,551,551,0.5,43,43
-21637.17610364551,5363,5124,276,335,0.75,70,70
-59231.61891512093,6731,6807,0,0,1,101,104
-1136.2077415676004,1519,1486,696,696,0.25,18,18
8251.878796825578,3468,3487,551,551,0.5,43,43
9835.384756182013,5181,5124,306,335,0.75,70,70
-16896.511916072377,6959,6807,0,0,1,104,104
4831.622196732904,1620,1486,696,696,0.25,18,18
24187.59342762953,3780,3487,551,551,0.5,43,43
83776.6841766721,5217,5124,306,335,0.75,70,70
109206.67640984371,6874,6807,0,0,1,103,104
-5703.455022230415,1643,1486,696,696,0.25,18,18
-210.54140755254298,3755,3487,531,551,0.5,43,43
29520.430630187097,5335,5124,306,335,0.75,70,70
-19871.908065816722,6790,6807,0,0,1,102,104
6033.95044214341,1618,1486,686,696,0.25,18,18
48460.54564746631,3662,3487,531,551,0.5,43,43
28079.475584347274,5377,5124,306,335,0.75,70,70
6941.174870542024,6863,6807,0,0,1,102,104
4870.068273501886,1551,1486,686,696,0.25,18,18
1105.4014740724338,3654,3487,551,551,0.5,43,43
39571.67502876878,5329,5124,306,335,0.75,70,70
-13531.170466981115,6909,6807,0,0,1,103,104
-2939.1637384798137,1514,1486,696,696,0.25,18,18
12272.522111189272,3596,3487,551,551,0.5,43,43
-229.47961202502643,5399,5124,306,335,0.75,70,70
27659.01339132181,7153,6807,0,0,1,103,104
4889.816088914406,1461,1486,686,696,0.25,18,18
36123.48029310236,3527,3487,531,551,0.5,43,43
1147.6495204975827,5199,5124,335,335,0.75,70,70
10350.052327746698,6830,6807,0,0,1,103,104
5758.129124626703,1641,1486,696,696,0.25,18,18
37333.80611571018,3465,3487,531,551,0.5,43,43
23286.815795240283,5190,5124,335,335,0.75,70,70
87298.12468868971,7223,6807,0,0,1,102,104
2171.4380952893953,1538,1486,686,696,0.25,18,18
21980.661506236036,3457,3487,551,551,0.5,43,43
4741.869219972568,5195,5124,306,335,0.75,70,70
-23833.524548895155,6785,6807,38,0,1,101,104
2036.930877894687,1515,1486,686,696,0.25,18,18
3355.8060750760014,3619,3487,551,551,0.5,43,43
33848.50229903198,5111,5124,306,335,0.75,70,70
8145.447774223594,6893,6807,0,0,1,104,104
7230.599288559399,1509,1486,686,696,0.25,18,18
-10374.437511053558,3417,3487,570,551,0.5,43,43
-22078.860283102364,5057,5124,335,335,0.75,70,70
-62321.15628465963,6682,6807,38,0,1,101,104
235.6905604065887,1633,1486,686,696,0.25,18,18
49251.08159980129,3748,3487,551,551,0.5,43,43
48311.81993257346,5325,5124,306,335,0.75,70,70
38866.58924164341,6780,6807,38,0,1,102,104
4889.816088914406,1508,1486,686,696,0.25,18,18
988.2352886936533,3437,3487,551,551,0.5,43,43
12066.967575956038,5131,5124,306,335,0.75,70,70
-17597.237092365074,6799,6807,0,0,1,103,104
3874.9710216998023,1659,1486,686,696,0.25,18,18
11689.891604644858,3514,3487,531,551,0.5,43,43
23839.652378517243,5443,5124,306,335,0.75,70,70
76974.30144532306,7041,6807,0,0,1,103,104
-1136.2077415676004,1519,1486,696,696,0.25,18,18
46211.336667932825,3587,3487,531,551,0.5,43,43
32458.484193927325,5297,5124,306,335,0.75,70,70
109521.56761016563,6825,6807,0,0,1,102,104
656.730538217103,1755,1486,696,696,0.25,18,18
20361.03924714324,3846,3487,551,551,0.5,43,43
65111.20816193862,5377,5124,335,335,0.75,70,70
113832.25549376447,7066,6807,0,0,1,102,104
6033.95044214341,1620,1486,686,696,0.25,18,18
15198.775768434016,3607,3487,551,551,0.5,43,43
30541.779778735523,5267,5124,306,335,0.75,70,70
145.74243242698094,6814,6807,0,0,1,102,104
3259.8191933539947,1805,1486,696,696,0.25,18,18
26582.537455477213,3601,3487,551,551,0.5,43,43
36032.64986966844,5381,5124,306,335,0.75,70,70
-2807.122424925367,7011,6807,0,0,1,103,104
-2225.8553231159995,1747,1486,696,696,0.25,18,18
43469.74541003423,3536,3487,531,551,0.5,43,43
44364.44661873371,5098,5124,276,335,0.75,70,70
22664.79500839399,6862,6807,0,0,1,104,104
1241.3167994626,1464,1486,686,696,0.25,18,18
8162.432234585822,3601,3487,551,551,0.5,43,43
49492.70404910785,5356,5124,306,335,0.75,70,70
16036.44695172263,6991,6807,0,0,1,102,104
0.0,1532,1486,686,696,0.25,18,18
3551.809324725822,3487,3487,551,551,0.5,43,43
716.6551027666458,5216,5124,306,335,0.75,70,70
841.1715680319292,7002,6807,0,0,1,103,104
403.1573435552932,1506,1486,696,696,0.25,18,18
28052.256714612315,3541,3487,531,551,0.5,43,43
-14596.902969519753,5260,5124,306,335,0.75,70,70
-6927.50767560906,6881,6807,0,0,1,102,104
-1088.1561262060168,1584,1486,686,696,0.25,18,18
3272.48633676192,3538,3487,551,551,0.5,43,43
26094.67949280568,5013,5124,306,335,0.75,70,70
-4337.721673140697,6819,6807,38,0,1,101,104
-2871.1434757196116,1810,1486,686,696,0.25,18,18
4500.532869780285,3951,3487,531,551,0.5,43,43
52771.24960843399,5466,5124,306,335,0.75,70,70
-51462.14321704018,7024,6807,38,0,1,102,104
3643.4557375631875,1598,1486,696,696,0.25,18,18
48311.02274616906,3813,3487,551,551,0.5,43,43
44847.139769471956,5267,5124,306,335,0.75,70,70
103383.99713086193,6886,6807,0,0,1,102,104
-3523.476389802212,1553,1486,696,696,0.25,18,18
-11208.358800104474,3554,3487,551,551,0.5,43,43
51512.67153772208,5402,5124,306,335,0.75,70,70
10747.663284587501,6856,6807,0,0,1,101,104
18326.524935694008,1804,1486,686,696,0.25,18,18
5783.322697340031,3702,3487,551,551,0.5,43,43
37270.07242570766,5123,5124,306,335,0.75,70,70
-16617.270461646447,7123,6807,0,0,1,104,104
6838.839722309002,1527,1486,686,696,0.25,18,18
11899.05102787189,3306,3487,531,551,0.5,43,43
-1653.2478140401317,5101,5124,335,335,0.75,70,70
12568.34653130372,6729,6807,0,0,1,102,104
4889.816088914406,1508,1486,686,696,0.25,18,18
9333.898487384611,3545,3487,551,551,0.5,43,43
-16398.38746160022,5323,5124,306,335,0.75,70,70
45629.51054212309,6895,6807,0,0,1,102,104
-2596.783318693116,1623,1486,686,696,0.25,18,18
695.5608571540665,3692,3487,551,551,0.5,43,43
19927.983628470705,5364,5124,335,335,0.75,70,70
-18854.845681982115,6962,6807,0,0,1,103,104
2122.2026449087944,1631,1486,696,696,0.25,18,18
9228.882235042442,3612,3487,551,551,0.5,43,43
-6288.147300842487,5273,5124,335,335,0.75,70,70
-4337.013774627349,6765,6807,0,0,1,102,104
854.4069493580009,1540,1486,696,696,0.25,18,18
8872.501957385028,3547,3487,551,551,0.5,43,43
13675.889339805473,5150,5124,306,335,0.75,70,70
60729.546046817755,6802,6807,0,0,1,103,104
6033.95044214341,1620,1486,686,696,0.25,18,18
14632.102084965367,3591,3487,570,551,0.5,43,43
15268.227924149527,5386,5124,335,335,0.75,70,70
5273.893195633652,7017,6807,0,0,1,103,104
4889.816088914406,1508,1486,686,696,0.25,18,18
-5523.008631326196,3473,3487,551,551,0.5,43,43
10680.119855088058,5240,5124,306,335,0.75,70,70
28503.14535769449,6763,6807,0,0,1,101,104
6342.934880681689,1705,1486,696,696,0.25,18,18
-2046.4055548278816,3554,3487,551,551,0.5,43,43
10505.905048891,5299,5124,335,335,0.75,70,70
66523.41450643711,6862,6807,0,0,1,103,104
-2523.6740825753186,1875,1486,696,696,0.25,18,18
2629.8745343124797,3863,3487,551,551,0.5,43,43
24101.984073612373,5321,5124,306,335,0.75,70,70
-37398.19728698251,6937,6807,0,0,1,102,104
7802.898229360498,1765,1486,686,696,0.25,18,18
9298.426585423633,3560,3487,531,551,0.5,43,43
66417.34920742695,5201,5124,306,335,0.75,70,70
61717.50267203113,6725,6807,0,0,1,102,104
0.0,1486,1486,696,696,0.25,18,18
-323.98558160320226,3362,3487,551,551,0.5,43,43
13082.557468216417,5100,5124,306,335,0.75,70,70
-11764.623940179914,6950,6807,0,0,1,104,104
5397.751068501403,1895,1486,696,696,0.25,18,18
52080.15673004708,3736,3487,531,551,0.5,43,43
63546.49981975766,5286,5124,276,335,0.75,70,70
75331.39446111738,6865,6807,0,0,1,102,104
2171.4380952893953,1538,1486,686,696,0.25,18,18
8162.432234585822,3601,3487,551,551,0.5,43,43
5672.32769410865,5234,5124,335,335,0.75,70,70
5392.340387162762,6943,6807,0,0,1,103,104
2147.638697499695,1533,1486,696,696,0.25,18,18
12797.182167117757,3571,3487,531,551,0.5,43,43
8932.334091464836,5116,5124,306,335,0.75,70,70
22798.41328564207,6760,6807,0,0,1,103,104
4337.928827808594,1507,1486,686,696,0.25,18,18
4890.113272146166,3417,3487,551,551,0.5,43,43
3454.5539401083633,5136,5124,306,335,0.75,70,70
4174.273202977376,6708,6807,0,0,1,102,104
2171.4380952893953,1502,1486,686,696,0.25,18,18
30225.005705952204,3443,3487,531,551,0.5,43,43
21390.942502437385,4914,5124,335,335,0.75,70,70
17530.91181036736,6809,6807,0,0,1,104,104
-241.68365379860597,1557,1486,696,696,0.25,18,18
4680.1195202358285,3839,3487,551,551,0.5,43,43
39207.07749127985,5285,5124,276,335,0.75,70,70
33184.909004290865,6714,6807,0,0,1,101,104
10500.117164209598,1599,1486,686,696,0.25,18,18
24129.940701955013,3539,3487,531,551,0.5,43,43
-23673.75651422798,5277,5124,306,335,0.75,70,70
-62204.54605044216,6870,6807,0,0,1,103,104
780.4973177596057,1623,1486,696,696,0.25,18,18
4102.705246425085,3476,3487,551,551,0.5,43,43
32811.52498764,5348,5124,306,335,0.75,70,70
-21129.92630134683,6906,6807,0,0,1,103,104
6568.446494279301,1646,1486,696,696,0.25,18,18
22360.939529700234,3592,3487,531,551,0.5,43,43
-2350.846108441511,5309,5124,335,335,0.75,70,70
70319.80023927166,7016,6807,0,0,1,102,104
4889.816088914406,1461,1486,686,696,0.25,18,18
26060.05362975799,3612,3487,551,551,0.5,43,43
8501.291117496106,5303,5124,306,335,0.75,70,70
37626.46290071031,7029,6807,0,0,1,104,104
219.8450834644823,1787,1486,686,696,0.25,18,18
-290.1192904859645,3873,3487,531,551,0.5,43,43
1681.357808155306,5458,5124,306,335,0.75,70,70
17601.30201612912,7125,6807,0,0,1,103,104
5772.738340858199,1717,1486,696,696,0.25,18,18
33473.864637266925,3722,3487,551,551,0.5,43,43
30054.56238005437,5334,5124,306,335,0.75,70,70
34654.69512496307,7015,6807,0,0,1,102,104
-779.0021381124016,1558,1486,696,696,0.25,18,18
33286.780159760354,3567,3487,531,551,0.5,43,43
34367.65333459172,4859,5124,306,335,0.75,70,70
10817.32438126218,6606,6807,38,0,1,102,104
-2431.9284113559024,1532,1486,696,696,0.25,18,18
9977.031122525666,3474,3487,531,551,0.5,43,43
23298.07196985112,5226,5124,306,335,0.75,70,70
24424.22810556124,6797,6807,0,0,1,102,104
-1136.2077415676004,1519,1486,696,696,0.25,18,18
59086.51884725315,3464,3487,531,551,0.5,43,43
13224.454361820333,5339,5124,306,335,0.75,70,70
-13026.598695666122,6981,6807,0,0,1,104,104
-1136.2077415676004,1519,1486,696,696,0.25,18,18
-2790.4755011324314,3297,3487,570,551,0.5,43,43
1663.2644781527779,5213,5124,335,335,0.75,70,70
41963.82383257915,6840,6807,0,0,1,103,104
4889.816088914406,1461,1486,686,696,0.25,18,18
-573.4917942418242,3385,3487,531,551,0.5,43,43
-1767.546334551018,5017,5124,306,335,0.75,70,70
11436.468918938388,6937,6807,0,0,1,103,104
3760.897467883704,1458,1486,686,696,0.25,18,18
-9006.28615495157,3572,3487,551,551,0.5,43,43
-12061.249476987045,5059,5124,306,335,0.75,70,70
-7335.4457048632685,6955,6807,0,0,1,103,104
4889.816088914406,1510,1486,686,696,0.25,18,18
23817.6727106611,3681,3487,531,551,0.5,43,43
-3011.668758694387,5203,5124,335,335,0.75,70,70
-38600.62930412306,6752,6807,0,0,1,102,104
2171.4380952893953,1538,1486,686,696,0.25,18,18
32368.493649032214,3502,3487,531,551,0.5,43,43
14086.998716574557,5273,5124,306,335,0.75,70,70
48573.39970693088,6883,6807,0,0,1,102,104
0.0,1486,1486,696,696,0.25,18,18
-5846.9942129293995,3339,3487,551,551,0.5,43,43
6870.449661838942,5101,5124,306,335,0.75,70,70
65166.4780354043,6777,6807,0,0,1,103,104
12138.002568430009,1609,1486,686,696,0.25,18,18
4716.196575739642,3423,3487,551,551,0.5,43,43
29337.578660355313,5095,5124,335,335,0.75,70,70
58164.18910249356,6889,6807,0,0,1,103,104
1241.3167994626,1464,1486,686,696,0.25,18,18
45954.95309628048,3643,3487,531,551,0.5,43,43
9325.83667473842,5243,5124,306,335,0.75,70,70
19093.431787275164,6965,6807,0,0,1,103,104
14379.6884942075,1747,1486,686,696,0.25,18,18
5028.530725696097,3464,3487,551,551,0.5,43,43
48633.01370706547,5400,5124,306,335,0.75,70,70
8964.260416704192,7142,6807,0,0,1,103,104
780.4973177596057,1635,1486,686,696,0.25,18,18
2630.9796871979806,3590,3487,551,551,0.5,43,43
12248.152528172792,5274,5124,276,335,0.75,70,70
-10743.727961773142,6869,6807,0,0,1,102,104
7230.599288559399,1509,1486,686,696,0.25,18,18
9140.051772210187,3437,3487,551,551,0.5,43,43
24512.38534023236,5147,5124,306,335,0.75,70,70
23984.311323157563,6827,6807,0,0,1,103,104
-7979.231628200323,1666,1486,686,696,0.25,18,18
-301.60968314939737,3523,3487,551,551,0.5,43,43
-4497.176561225932,5066,5124,335,335,0.75,70,70
-16571.120526335566,6697,6807,0,0,1,102,104
-2939.1637384798137,1563,1486,696,696,0.25,18,18
-6155.374682191762,3758,3487,551,551,0.5,43,43
11188.727833898747,5242,5124,306,335,0.75,70,70
18609.238894118906,6834,6807,0,0,1,102,104
4889.816088914406,1508,1486,686,696,0.25,18,18
24541.961452592244,3466,3487,551,551,0.5,43,43
-9240.757173455417,5133,5124,335,335,0.75,70,70
-44366.60734258736,6897,6807,0,0,1,104,104
7230.599288559399,1509,1486,686,696,0.25,18,18
5947.912384486193,3400,3487,551,551,0.5,43,43
-7216.721748071759,5199,5124,335,335,0.75,70,70
-22297.392561178225,6774,6807,0,0,1,102,104
5758.129124626703,1643,1486,696,696,0.25,18,18
48418.48607184257,3660,3487,531,551,0.5,43,43
43456.871020867016,5328,5124,306,335,0.75,70,70
139200.90339636852,6867,6807,0,0,1,103,104
2171.4380952893953,1538,1486,686,696,0.25,18,18
-4692.488409449142,3491,3487,551,551,0.5,43,43
13646.33275647325,5232,5124,306,335,0.75,70,70
-51083.96990331258,7023,6807,0,0,1,103,104
-147.6092274056009,1491,1486,696,696,0.25,18,18
1362.0086262996601,3543,3487,551,551,0.5,43,43
3002.7343719000255,5189,5124,335,335,0.75,70,70
14105.716938164065,6864,6807,0,0,1,104,104
2171.4380952893953,1538,1486,686,696,0.25,18,18
5207.304520877268,3473,3487,551,551,0.5,43,43
-371.354640450214,5231,5124,306,335,0.75,70,70
-16979.625533597722,6814,6807,38,0,1,101,104
5818.777276584499,1838,1486,686,696,0.25,18,18
3347.5541760066,3713,3487,551,551,0.5,43,43
2150.9440155401344,5340,5124,306,335,0.75,70,70
37660.60250861204,6895,6807,0,0,1,102,104
757.7295449707917,1537,1486,686,696,0.25,18,18
25195.608428707288,3775,3487,531,551,0.5,43,43
40708.161751133914,5123,5124,276,335,0.75,70,70
49277.335494814804,6737,6807,0,0,1,102,104
-107.84716595700047,1551,1486,696,696,0.25,18,18
13988.60823909044,3550,3487,551,551,0.5,43,43
15190.487694970647,5232,5124,335,335,0.75,70,70
97979.17582874582,6782,6807,0,0,1,102,104
-2682.4571058101055,1537,1486,696,696,0.25,18,18
2407.483829929548,3417,3487,531,551,0.5,43,43
32790.53991691708,5406,5124,306,335,0.75,70,70
28759.404727969406,7187,6807,0,0,1,102,104
4889.816088914406,1508,1486,686,696,0.25,18,18
-1263.3447771341425,3456,3487,551,551,0.5,43,43
-8722.278630760151,5123,5124,306,335,0.75,70,70
-17444.678353204494,6712,6807,0,0,1,102,104
-4164.380110016312,1600,1486,696,696,0.25,18,18
10796.14337941482,3561,3487,551,551,0.5,43,43
56648.51053832691,5087,5124,276,335,0.75,70,70
140240.79179605766,6881,6807,0,0,1,102,104
-7979.231628200323,1566,1486,696,696,0.25,18,18
3621.312963399997,3564,3487,551,551,0.5,43,43
17358.71590723853,5173,5124,306,335,0.75,70,70
21678.755463595357,6757,6807,0,0,1,103,104
-2523.6740825753186,1712,1486,696,696,0.25,18,18
-8152.081678288103,3951,3487,551,551,0.5,43,43
3307.0565265910263,5379,5124,276,335,0.75,70,70
-42857.79953929634,7015,6807,0,0,1,102,104
2940.3524047669944,1677,1486,696,696,0.25,18,18
14114.362521123687,3847,3487,551,551,0.5,43,43
15491.533518266746,5415,5124,306,335,0.75,70,70
27691.964463908233,6938,6807,0,0,1,102,104
-830.6697171963997,1470,1486,696,696,0.25,18,18
-4725.071367192928,3506,3487,551,551,0.5,43,43
8982.353619818918,4908,5124,306,335,0.75,70,70
27178.237072363416,6658,6807,0,0,1,102,104
20696.85542255472,1671,1486,686,696,0.25,18,18
10254.727968119163,3463,3487,531,551,0.5,43,43
-9778.17681278704,5061,5124,335,335,0.75,70,70
-15551.039032904153,6609,6807,0,0,1,103,104
4889.816088914406,1508,1486,686,696,0.25,18,18
21558.02450115567,3554,3487,551,551,0.5,43,43
-3686.7454269140812,5248,5124,335,335,0.75,70,70
-7179.804374099096,6838,6807,0,0,1,103,104
2171.4380952893953,1538,1486,686,696,0.25,18,18
1645.9800039114066,3503,3487,551,551,0.5,43,43
-11842.031638810742,5164,5124,335,335,0.75,70,70
19063.381477060793,6629,6807,0,0,1,103,104
-1122.0585672138022,1578,1486,696,696,0.25,18,18
-6575.186262189046,3589,3487,551,551,0.5,43,43
-18749.819882433338,5241,5124,306,335,0.75,70,70
-64999.97035695755,6748,6807,0,0,1,102,104
0.0,1486,1486,696,696,0.25,18,18
-323.98558160320226,3362,3487,551,551,0.5,43,43
28456.319970964745,5165,5124,306,335,0.75,70,70
107693.98506379088,6739,6807,0,0,1,102,104
1728.7127196802994,1465,1486,696,696,0.25,18,18
15744.242109896793,3583,3487,551,551,0.5,43,43
29098.32811934324,5342,5124,306,335,0.75,70,70
6985.028223484227,7083,6807,0,0,1,103,104
-677.2296434242053,1646,1486,686,696,0.25,18,18
-3083.7643832337344,3444,3487,551,551,0.5,43,43
-29334.483082758197,5201,5124,335,335,0.75,70,70
-75019.8201609456,6733,6807,0,0,1,102,104
-250.5286944542031,1668,1486,696,696,0.25,18,18
-5824.89464600479,3682,3487,551,551,0.5,43,43
-125.32977867621548,5240,5124,306,335,0.75,70,70
-56027.874957046224,6905,6807,0,0,1,102,104
11072.913308761414,1621,1486,686,696,0.25,18,18
26225.92011830137,3599,3487,551,551,0.5,43,43
42108.454439818044,5160,5124,306,335,0.75,70,70
35525.38496561565,6906,6807,0,0,1,102,104
2528.6213847790787,1528,1486,696,696,0.25,18,18
11952.035802419281,3551,3487,551,551,0.5,43,43
5700.034951835043,5080,5124,335,335,0.75,70,70
96534.82560082366,6641,6807,0,0,1,102,104
2171.4380952893953,1538,1486,686,696,0.25,18,18
1874.0402881616,3493,3487,551,551,0.5,43,43
17996.007016179938,5106,5124,335,335,0.75,70,70
32411.421091838107,6810,6807,0,0,1,104,104
3320.638490436604,1660,1486,686,696,0.25,18,18
50376.7648778784,3602,3487,531,551,0.5,43,43
7856.01821177636,5371,5124,306,335,0.75,70,70
31369.50437567608,6862,6807,0,0,1,102,104
5172.147970795109,1649,1486,686,696,0.25,18,18
7855.984595471533,3654,3487,551,551,0.5,43,43
13400.434971837292,5296,5124,335,335,0.75,70,70
-1603.789171420563,6836,6807,0,0,1,101,104
1338.808202821187,1537,1486,686,696,0.25,18,18
33962.18482210066,3768,3487,510,551,0.5,43,43
16252.299620234004,5410,5124,335,335,0.75,70,70
-82807.59036511749,7002,6807,0,0,1,103,104
2223.1255475592952,1691,1486,696,696,0.25,18,18
21082.289933873388,3792,3487,551,551,0.5,43,43
-13987.761066283349,5402,5124,306,335,0.75,70,70
-34879.939725247095,6976,6807,0,0,1,102,104
7230.599288559399,1509,1486,686,696,0.25,18,18
9775.34829874888,3518,3487,551,551,0.5,43,43
48736.027513484485,5079,5124,276,335,0.75,70,70
86304.92959595035,6683,6807,0,0,1,103,104
4889.816088914406,1461,1486,686,696,0.25,18,18
42121.42625234398,3437,3487,531,551,0.5,43,43
41370.56752838291,5078,5124,335,335,0.75,70,70
-57903.402527346785,6970,6807,0,0,1,104,104
5489.608527546201,1793,1486,686,696,0.25,18,18
5535.092421387993,3731,3487,551,551,0.5,43,43
46777.709466655346,5192,5124,306,335,0.75,70,70
10079.520110223133,6727,6807,0,0,1,103,104
13159.25101442801,1522,1486,686,696,0.25,18,18
15796.767718037718,3512,3487,531,551,0.5,43,43
7449.069722905651,5176,5124,306,335,0.75,70,70
363.9502622116879,7009,6807,0,0,1,103,104
2171.4380952893953,1538,1486,686,696,0.25,18,18
8714.01530219361,3461,3487,551,551,0.5,43,43
34343.492529036965,5062,5124,306,335,0.75,70,70
29081.565252216817,6629,6807,0,0,1,103,104
4889.816088914406,1508,1486,686,696,0.25,18,18
-4478.7914877694075,3484,3487,551,551,0.5,43,43
37048.47203144875,5220,5124,306,335,0.75,70,70
45541.95075570153,6737,6807,0,0,1,102,104
-2939.1637384798137,1537,1486,696,696,0.25,18,18
61944.52320807299,3514,3487,531,551,0.5,43,43
15903.595864896291,5210,5124,306,335,0.75,70,70
-7348.530639430804,6916,6807,0,0,1,103,104
568.4772360595025,1752,1486,696,696,0.25,18,18
17624.916020966262,3901,3487,551,551,0.5,43,43
192142.88631768682,5349,5124,306,335,0.75,70,70
86522.99715293085,6914,6807,0,0,1,103,104
9703.741616037903,1555,1486,686,696,0.25,18,18
-12837.402931710241,3660,3487,551,551,0.5,43,43
30655.966037410148,5213,5124,306,335,0.75,70,70
-12142.44264119533,6859,6807,0,0,1,102,104
1138.36733517829,1500,1486,686,696,0.25,18,18
-2151.5150479378267,3727,3487,570,551,0.5,43,43
30271.76975925425,5225,5124,306,335,0.75,70,70
49648.994849573,6735,6807,0,0,1,102,104
7230.599288559399,1509,1486,686,696,0.25,18,18
422.6370050803671,3390,3487,551,551,0.5,43,43
1921.0822347028593,5086,5124,335,335,0.75,70,70
-2071.661829455049,6845,6807,0,0,1,103,104
5758.129124626703,1605,1486,696,696,0.25,18,18
6106.743982237227,3413,3487,551,551,0.5,43,43
44441.75521270909,5035,5124,306,335,0.75,70,70
55704.56818416531,6820,6807,0,0,1,104,104
-107.84716595700047,1551,1486,696,696,0.25,18,18
-2355.6974257093034,3674,3487,551,551,0.5,43,43
90479.27093572817,5148,5124,306,335,0.75,70,70
12974.51539103393,6774,6807,0,0,1,102,104
0.0,1519,1486,696,696,0.25,18,18
10428.51824019352,3533,3487,531,551,0.5,43,43
168.50251589963796,5296,5124,335,335,0.75,70,70
-9801.846809200599,7157,6807,0,0,1,103,104
2147.638697499695,1456,1486,696,696,0.25,18,18
20716.84578143816,3589,3487,531,551,0.5,43,43
41953.606158839815,5103,5124,306,335,0.75,70,70
25344.316264467132,6671,6807,0,0,1,102,104
1928.2762388150954,1554,1486,696,696,0.25,18,18
34877.220245348755,3612,3487,510,551,0.5,43,43
55312.15546999384,5247,5124,306,335,0.75,70,70
86396.12032495816,6644,6807,0,0,1,103,104
-2417.7173415997972,1741,1486,696,696,0.25,18,18
-2804.4215882209432,3552,3487,551,551,0.5,43,43
16777.34946298688,5360,5124,306,335,0.75,70,70
-35771.9437279372,6937,6807,0,0,1,102,104
623.5126258425998,1541,1486,696,696,0.25,18,18
12098.5204877814,3643,3487,551,551,0.5,43,43
62772.97967946203,5362,5124,306,335,0.75,70,70
735.4151589257535,6893,6807,38,0,1,102,104
-1422.4894375008091,1558,1486,696,696,0.25,18,18
22057.557262587005,3628,3487,551,551,0.5,43,43
4350.76042430324,5279,5124,306,335,0.75,70,70
-31155.09336472729,6889,6807,38,0,1,102,104
0.0,1486,1486,696,696,0.25,18,18
22346.708228204705,3515,3487,531,551,0.5,43,43
-26793.993550611398,5203,5124,335,335,0.75,70,70
-34258.892972299436,6821,6807,0,0,1,103,104
3419.4013650178886,1782,1486,686,696,0.25,18,18
-7998.140270802935,3730,3487,551,551,0.5,43,43
11291.674139870396,5438,5124,335,335,0.75,70,70
1665.4816109779492,7092,6807,0,0,1,102,104
0.0,1622,1486,696,696,0.25,18,18
5938.168796369482,3562,3487,551,551,0.5,43,43
16173.082518289037,5102,5124,306,335,0.75,70,70
-8137.8175417417815,6627,6807,0,0,1,101,104
2171.4380952893953,1538,1486,686,696,0.25,18,18
29735.247838645642,3543,3487,531,551,0.5,43,43
5222.606264648836,5078,5124,306,335,0.75,70,70
-32327.016230438923,6855,6807,0,0,1,104,104
2630.368577815695,1596,1486,696,696,0.25,18,18
28522.383871778075,3601,3487,531,551,0.5,43,43
33931.15889891569,5174,5124,306,335,0.75,70,70
36610.88750330708,6849,6807,0,0,1,102,104
-147.6092274056009,1491,1486,696,696,0.25,18,18
-8646.483731498958,3522,3487,570,551,0.5,43,43
-18191.60182319508,5373,5124,306,335,0.75,70,70
-46983.294352798825,6900,6807,0,0,1,103,104
403.1573435552932,1506,1486,696,696,0.25,18,18
4795.8925217329715,3655,3487,551,551,0.5,43,43
19296.005746801835,5367,5124,306,335,0.75,70,70
-45455.7244664031,6994,6807,0,0,1,103,104
13771.914934339382,1721,1486,686,696,0.25,18,18
26999.682402867664,3612,3487,551,551,0.5,43,43
42150.76373797644,5257,5124,306,335,0.75,70,70
-1410.114954984194,7115,6807,0,0,1,104,104
2171.4380952893953,1551,1486,686,696,0.25,18,18
-3217.169236099921,3562,3487,551,551,0.5,43,43
13150.809204751047,5278,5124,306,335,0.75,70,70
14190.53164858166,6695,6807,0,0,1,103,104
-1657.8634101519074,1649,1486,696,696,0.25,18,18
1523.262588062115,3705,3487,551,551,0.5,43,43
45404.338783335,5417,5124,306,335,0.75,70,70
96506.29609312465,7042,6807,0,0,1,102,104
6033.95044214341,1618,1486,686,696,0.25,18,18
14939.946224369987,3561,3487,531,551,0.5,43,43
62902.526032890964,5112,5124,306,335,0.75,70,70
18942.40898988342,6738,6807,0,0,1,103,104
217.01449697839485,1545,1486,696,696,0.25,18,18
-6057.587241922842,3560,3487,551,551,0.5,43,43
-13651.234285934343,5290,5124,306,335,0.75,70,70
-39697.54809829334,7016,6807,0,0,1,104,104
-7979.231628200323,1566,1486,696,696,0.25,18,18
7996.069249361547,3524,3487,531,551,0.5,43,43
-4823.78283969604,5104,5124,276,335,0.75,70,70
38781.31270002342,6700,6807,0,0,1,103,104
7455.957246784987,1517,1486,686,696,0.25,18,18
24393.13326533883,3635,3487,531,551,0.5,43,43
10733.419748892342,5329,5124,306,335,0.75,70,70
-22882.076455209477,6978,6807,0,0,1,103,104
4889.816088914406,1508,1486,686,696,0.25,18,18
22565.584296818008,3604,3487,531,551,0.5,43,43
28704.53480663633,5148,5124,306,335,0.75,70,70
83630.89733889325,6690,6807,0,0,1,103,104
6455.986094228898,1607,1486,696,696,0.25,18,18
13175.726382332423,3862,3487,551,551,0.5,43,43
43070.137452720934,5364,5124,306,335,0.75,70,70
72581.99951522869,6787,6807,0,0,1,103,104
1728.7127196802994,1465,1486,696,696,0.25,18,18
34135.58812408027,3735,3487,531,551,0.5,43,43
42337.72930972219,5134,5124,335,335,0.75,70,70
31082.519282698035,6796,6807,0,0,1,103,104
-915.611476918808,1610,1486,696,696,0.25,18,18
18556.22313826273,3660,3487,551,551,0.5,43,43
78333.12430305159,5304,5124,276,335,0.75,70,70
61804.344935442765,6980,6807,0,0,1,102,104
738.0698197077963,1524,1486,696,696,0.25,18,18
326.345744370954,3620,3487,551,551,0.5,43,43
11910.738154238246,5347,5124,306,335,0.75,70,70
-151.13148642688975,7000,6807,0,0,1,104,104
287.14639226699364,1604,1486,686,696,0.25,18,18
-1284.3479229273998,3663,3487,551,551,0.5,43,43
23652.687200377797,5263,5124,306,335,0.75,70,70
3464.54377189243,6863,6807,0,0,1,103,104
-393.57249235460495,1486,1486,696,696,0.25,18,18
941.0164494381957,3548,3487,551,551,0.5,43,43
56266.22142346842,5111,5124,306,335,0.75,70,70
51792.81696036279,6716,6807,0,0,1,103,104
-779.0021381124016,1556,1486,696,696,0.25,18,18
48759.63974057016,3590,3487,531,551,0.5,43,43
58458.82085656473,5258,5124,306,335,0.75,70,70
71488.64268584791,6803,6807,0,0,1,103,104
3320.638490436604,1648,1486,686,696,0.25,18,18
15198.775768434016,3556,3487,551,551,0.5,43,43
81415.24889381757,5219,5124,276,335,0.75,70,70
90856.72230449297,6747,6807,0,0,1,101,104
1241.3167994626,1464,1486,686,696,0.25,18,18
9120.322417676829,3575,3487,551,551,0.5,43,43
-4936.4509072818955,5353,5124,306,335,0.75,70,70
3428.6419272474386,6968,6807,0,0,1,102,104
0.0,1486,1486,696,696,0.25,18,18
3635.5860203305965,3386,3487,551,551,0.5,43,43
7417.161551949129,5197,5124,306,335,0.75,70,70
55315.67156954587,6880,6807,0,0,1,102,104
2171.4380952893953,1538,1486,686,696,0.25,18,18
0.0,3487,3487,551,551,0.5,43,43
6289.936951459212,5051,5124,306,335,0.75,70,70
-11295.761884724248,6752,6807,0,0,1,102,104
-830.6697171963997,1470,1486,696,696,0.25,18,18
2324.2073815738827,3399,3487,551,551,0.5,43,43
-8326.26858829235,5035,5124,335,335,0.75,70,70
-55261.6974271964,6673,6807,0,0,1,103,104
4889.816088914406,1508,1486,686,696,0.25,18,18
9569.404681772292,3444,3487,531,551,0.5,43,43
-14549.196746681393,5287,5124,306,335,0.75,70,70
-7579.640245748184,6942,6807,0,0,1,103,104
0.0,1478,1486,696,696,0.25,18,18
-3091.6272901185225,3547,3487,570,551,0.5,43,43
55439.963817826865,5252,5124,306,335,0.75,70,70
74114.15625642278,6891,6807,0,0,1,103,104
1820.0158460775879,1579,1486,686,696,0.25,18,18
468.5169737648298,3480,3487,531,551,0.5,43,43
-6385.662875009962,5397,5124,335,335,0.75,70,70
6058.161321528516,6884,6807,0,0,1,102,104
4889.816088914406,1508,1486,686,696,0.25,18,18
27081.03313248186,3565,3487,531,551,0.5,43,43
-6960.33446409635,5236,5124,306,335,0.75,70,70
-8996.146888301895,6855,6807,0,0,1,103,104
738.0698197077963,1524,1486,696,696,0.25,18,18
22836.545356073773,3531,3487,551,551,0.5,43,43
5141.403902004191,5208,5124,306,335,0.75,70,70
-905.9027577087045,6839,6807,0,0,1,101,104
3320.638490436604,1660,1486,686,696,0.25,18,18
15285.345295797104,3554,3487,551,551,0.5,43,43
51227.522741576475,5259,5124,306,335,0.75,70,70
43579.389861869735,6836,6807,38,0,1,101,104
-7979.231628200323,1679,1486,696,696,0.25,18,18
-12644.139426125323,3677,3487,551,551,0.5,43,43
-30511.41384238208,5121,5124,335,335,0.75,70,70
-29582.225715888682,6767,6807,0,0,1,103,104
4889.816088914406,1508,1486,686,696,0.25,18,18
23787.061894920673,3535,3487,531,551,0.5,43,43
1773.6763297141179,5099,5124,335,335,0.75,70,70
-5265.425794048348,6782,6807,0,0,1,103,104
-5080.107636330929,1655,1486,696,696,0.25,18,18
3929.5711197711676,3348,3487,551,551,0.5,43,43
297.2724432148434,5036,5124,306,335,0.75,70,70
-31742.306223264044,6702,6807,0,0,1,102,104
2171.4380952893953,1538,1486,686,696,0.25,18,18
2362.3371917067557,3534,3487,551,551,0.5,43,43
-13185.531854108829,5278,5124,306,335,0.75,70,70
-42943.147931588166,6792,6807,0,0,1,102,104
2171.4380952893953,1502,1486,686,696,0.25,18,18
6059.326921076201,3447,3487,551,551,0.5,43,43
-2085.992866003242,5139,5124,306,335,0.75,70,70
19889.114763448495,6849,6807,0,0,1,104,104
6568.446494279301,1674,1486,696,696,0.25,18,18
19544.503962396513,3598,3487,551,551,0.5,43,43
34100.51019839349,5298,5124,306,335,0.75,70,70
63020.41022353328,6932,6807,0,0,1,104,104
2171.4380952893953,1538,1486,686,696,0.25,18,18
-6320.197988616492,3494,3487,551,551,0.5,43,43
4137.199588174747,4930,5124,306,335,0.75,70,70
13191.476166979595,6535,6807,38,0,1,101,104
0.0,1508,1486,696,696,0.25,18,18
14686.034540845123,3521,3487,551,551,0.5,43,43
10659.574766913038,5230,5124,306,335,0.75,70,70
-20938.619102603167,6975,6807,0,0,1,102,104
6455.986094228898,1716,1486,696,696,0.25,18,18
16465.96074796393,3690,3487,551,551,0.5,43,43
41699.77457075473,5217,5124,306,335,0.75,70,70
68744.43609908076,6874,6807,0,0,1,102,104
0.0,1519,1486,696,696,0.25,18,18
54573.15928418617,3419,3487,551,551,0.5,43,43
-2261.7403090990906,5139,5124,306,335,0.75,70,70
-20963.262818705472,6861,6807,0,0,1,103,104
5983.1688620694,1653,1486,696,696,0.25,18,18
9664.295432814453,3667,3487,531,551,0.5,43,43
1705.9692062449876,5662,5124,306,335,0.75,70,70
3155.404242143267,7074,6807,0,0,1,101,104
2649.591028140594,1655,1486,696,696,0.25,18,18
3692.999332965376,3965,3487,551,551,0.5,43,43
93114.06374401049,5475,5124,306,335,0.75,70,70
-8684.77373312959,6939,6807,0,0,1,103,104
-1136.2077415676004,1521,1486,696,696,0.25,18,18
17045.512374649268,3619,3487,551,551,0.5,43,43
49633.7183548419,5098,5124,306,335,0.75,70,70
115066.39371848035,6817,6807,0,0,1,103,104
1137.9059854982004,1485,1486,696,696,0.25,18,18
359.8072199581861,3791,3487,551,551,0.5,43,43
1489.2216331076575,5338,5124,306,335,0.75,70,70
32995.47169681614,6824,6807,0,0,1,102,104
6033.95044214341,1620,1486,686,696,0.25,18,18
11501.441102817962,3719,3487,551,551,0.5,43,43
53678.38217368083,5474,5124,276,335,0.75,70,70
20228.306246756918,7182,6807,0,0,1,102,104
6568.446494279301,1646,1486,696,696,0.25,18,18
17945.434796894842,3643,3487,551,551,0.5,43,43
62253.76280358365,5299,5124,306,335,0.75,70,70
55384.54732628657,6904,6807,0,0,1,101,104
-1205.1461538334092,1663,1486,696,696,0.25,18,18
8312.050115353417,3545,3487,551,551,0.5,43,43
11916.744769420478,5395,5124,306,335,0.75,70,70
15540.756221690317,6895,6807,0,0,1,101,104
9087.704785831804,1560,1486,686,696,0.25,18,18
-1738.050206846533,3579,3487,531,551,0.5,43,43
24995.20249369333,4994,5124,306,335,0.75,70,70
-13545.283725248282,6788,6807,0,0,1,102,104
694.7343151891023,1579,1486,696,696,0.25,18,18
-1243.4107111050398,3507,3487,551,551,0.5,43,43
33926.55816934049,5197,5124,306,335,0.75,70,70
-53738.6095681019,6804,6807,0,0,1,103,104
2166.4907325191944,1581,1486,686,696,0.25,18,18
9529.77942400566,3501,3487,551,551,0.5,43,43
-7038.607928140212,5098,5124,335,335,0.75,70,70
-21432.926310872834,6715,6807,0,0,1,103,104
8764.354041316605,1523,1486,686,696,0.25,18,18
-3263.645430808098,3435,3487,551,551,0.5,43,43
68264.62644669935,5305,5124,306,335,0.75,70,70
14695.110125265546,6881,6807,0,0,1,103,104
6838.839722309002,1436,1486,686,696,0.25,18,18
14520.787230627066,3513,3487,551,551,0.5,43,43
-19665.074125573003,5225,5124,306,335,0.75,70,70
-6139.895390635602,6823,6807,0,0,1,103,104
2074.1504963195985,1621,1486,696,696,0.25,18,18
16611.781775429015,3419,3487,531,551,0.5,43,43
52476.614039934255,5333,5124,306,335,0.75,70,70
94946.13768029878,6981,6807,0,0,1,102,104
7230.599288559399,1509,1486,686,696,0.25,18,18
27081.03313248186,3514,3487,531,551,0.5,43,43
1773.6763297141179,5099,5124,335,335,0.75,70,70
-14564.721537742873,6867,6807,0,0,1,103,104
7230.599288559399,1509,1486,686,696,0.25,18,18
-7983.114101792835,3465,3487,551,551,0.5,43,43
-21133.947273658992,5337,5124,306,335,0.75,70,70
-13748.478102569019,6686,6807,0,0,1,103,104
637.7526851221037,1567,1486,686,696,0.25,18,18
12002.621099114484,3514,3487,531,551,0.5,43,43
4283.6827064798945,5250,5124,335,335,0.75,70,70
-794.2782848518714,7041,6807,0,0,1,103,104
217.01449697839485,1545,1486,696,696,0.25,18,18
-4738.149658479345,3543,3487,551,551,0.5,43,43
-36235.531729141294,5087,5124,335,335,0.75,70,70
-41247.94993843032,6908,6807,0,0,1,104,104
2171.4960087905924,1803,1486,686,696,0.25,18,18
31369.9002426156,3580,3487,551,551,0.5,43,43
98088.88661868827,5160,5124,335,335,0.75,70,70
60312.289232471536,6836,6807,0,0,1,103,104
4889.816088914406,1508,1486,686,696,0.25,18,18
41414.26718756808,3466,3487,531,551,0.5,43,43
-282.0364418755821,5156,5124,306,335,0.75,70,70
12581.327039077833,6946,6807,0,0,1,103,104
4468.286137529401,1721,1486,696,696,0.25,18,18
5670.998017600705,3707,3487,551,551,0.5,43,43
26507.005911537184,5339,5124,306,335,0.75,70,70
-1425.2630852501557,6918,6807,0,0,1,103,104
-830.6697171963997,1470,1486,696,696,0.25,18,18
6282.653533212579,3484,3487,531,551,0.5,43,43
3450.1991414841305,5096,5124,306,335,0.75,70,70
-25260.80559356977,6915,6807,0,0,1,104,104
-830.6697171963997,1470,1486,696,696,0.25,18,18
-63.279039999143606,3514,3487,551,551,0.5,43,43
-17112.075957173067,5186,5124,335,335,0.75,70,70
-28789.709559820636,6709,6807,0,0,1,103,104
6033.95044214341,1618,1486,686,696,0.25,18,18
27713.032677224117,3495,3487,551,551,0.5,43,43
27155.96751734904,5362,5124,335,335,0.75,70,70
42054.425971194665,6916,6807,0,0,1,102,104
-1563.185693967313,1525,1486,686,696,0.25,18,18
7108.8733696660365,3776,3487,551,551,0.5,43,43
41028.277282751405,5299,5124,306,335,0.75,70,70
34437.47997916085,7010,6807,0,0,1,103,104
-1136.2077415676004,1521,1486,696,696,0.25,18,18
18174.813572658568,3507,3487,531,551,0.5,43,43
36496.15955740579,5307,5124,306,335,0.75,70,70
71020.53850462871,6734,6807,0,0,1,103,104
5833.386492815996,1767,1486,696,696,0.25,18,18
10197.270245182794,3681,3487,551,551,0.5,43,43
2042.8477204892747,5486,5124,276,335,0.75,70,70
7237.192687695777,6951,6807,0,0,1,102,104
4889.816088914406,1508,1486,686,696,0.25,18,18
29227.613716581356,3543,3487,531,551,0.5,43,43
21854.074017340372,5107,5124,306,335,0.75,70,70
3702.7480955680894,6786,6807,0,0,1,102,104
2171.4380952893953,1538,1486,686,696,0.25,18,18
3543.0727880935956,3446,3487,551,551,0.5,43,43
2478.5337243136755,5281,5124,306,335,0.75,70,70
75416.95372441717,6736,6807,0,0,1,101,104
1835.3451656817901,1554,1486,696,696,0.25,18,18
30208.33027203615,3647,3487,531,551,0.5,43,43
33867.88892459624,5142,5124,335,335,0.75,70,70
38983.586734338525,6816,6807,0,0,1,102,104
-5703.455022230415,1692,1486,696,696,0.25,18,18
69.13705777023961,3804,3487,551,551,0.5,43,43
36943.95398622249,5240,5124,306,335,0.75,70,70
-13982.132353195126,6879,6807,0,0,1,102,104
4889.816088914406,1508,1486,686,696,0.25,18,18
11057.76882969024,3548,3487,551,551,0.5,43,43
41738.43878600548,5106,5124,306,335,0.75,70,70
40357.81365408107,6720,6807,0,0,1,103,104
-303.36417236939906,1462,1486,696,696,0.25,18,18
9072.559235741992,3486,3487,551,551,0.5,43,43
20028.371347374523,5102,5124,335,335,0.75,70,70
13109.789144685625,6707,6807,0,0,1,103,104
4889.816088914406,1508,1486,686,696,0.25,18,18
-1643.456908453919,3482,3487,551,551,0.5,43,43
20851.022537864308,5065,5124,306,335,0.75,70,70
16921.711982036515,6953,6807,0,0,1,103,104
7936.919502669804,1587,1486,686,696,0.25,18,18
16055.05058362321,3393,3487,531,551,0.5,43,43
-20507.661932523042,5063,5124,335,335,0.75,70,70
-19381.70473741328,6988,6807,0,0,1,104,104
-1295.861861536312,1884,1486,696,696,0.25,18,18
5983.147692827935,3809,3487,531,551,0.5,43,43
28627.999483204185,5366,5124,306,335,0.75,70,70
25925.334663933078,6848,6807,0,0,1,102,104
4889.816088914406,1508,1486,686,696,0.25,18,18
13988.60823909044,3550,3487,551,551,0.5,43,43
36213.81924400629,5058,5124,306,335,0.75,70,70
16081.29141958381,6802,6807,0,0,1,102,104
-830.6697171963997,1470,1486,696,696,0.25,18,18
-0.15603018851243178,3473,3487,551,551,0.5,43,43
-1372.5811204228344,5135,5124,306,335,0.75,70,70
-29766.539814250005,6642,6807,0,0,1,101,104
1335.6240939814907,1507,1486,696,696,0.25,18,18
5897.6703146437,3661,3487,551,551,0.5,43,43
22747.317820008855,5194,5124,335,335,0.75,70,70
72906.17392018472,6699,6807,0,0,1,101,104
738.0698197077963,1524,1486,696,696,0.25,18,18
19891.96685232001,3584,3487,510,551,0.5,43,43
72507.36700880714,5232,5124,306,335,0.75,70,70
16975.65483988854,6958,6807,0,0,1,102,104
2171.4380952893953,1538,1486,686,696,0.25,18,18
8866.98870877492,3458,3487,551,551,0.5,43,43
-6595.319320865804,5207,5124,335,335,0.75,70,70
12725.69057264231,6815,6807,0,0,1,102,104
797.1051775742949,1502,1486,696,696,0.25,18,18
4930.007506578041,3694,3487,551,551,0.5,43,43
14495.533147950018,5163,5124,306,335,0.75,70,70
71453.23190083275,6702,6807,0,0,1,102,104
6033.95044214341,1618,1486,686,696,0.25,18,18
15198.775768434016,3556,3487,551,551,0.5,43,43
35888.054518064215,5251,5124,335,335,0.75,70,70
7513.690534389448,6983,6807,0,0,1,103,104
3412.7548947519954,1516,1486,686,696,0.25,18,18
-9095.657359866573,3391,3487,551,551,0.5,43,43
4900.048278190336,5260,5124,335,335,0.75,70,70
62261.567107101364,6866,6807,0,0,1,102,104
-830.6697171963997,1470,1486,696,696,0.25,18,18
24580.193954628863,3673,3487,531,551,0.5,43,43
5073.102557917101,5187,5124,306,335,0.75,70,70
41600.62963507344,6561,6807,0,0,1,102,104
3215.6886214476076,1684,1486,696,696,0.25,18,18
23002.510097061295,3610,3487,551,551,0.5,43,43
54716.5381452411,5313,5124,306,335,0.75,70,70
62109.3219805684,6978,6807,0,0,1,103,104
4889.816088914406,1461,1486,686,696,0.25,18,18
25437.576224027947,3518,3487,531,551,0.5,43,43
-12970.501769612512,5137,5124,306,335,0.75,70,70
5312.972992467722,6935,6807,0,0,1,103,104
2074.1504963195985,1606,1486,696,696,0.25,18,18
-986.068308986225,3781,3487,551,551,0.5,43,43
28252.483510096747,5301,5124,306,335,0.75,70,70
40936.687541753556,6890,6807,0,0,1,102,104
2147.638697499695,1533,1486,696,696,0.25,18,18
36317.14146051725,3426,3487,531,551,0.5,43,43
28811.759449645204,5060,5124,335,335,0.75,70,70
22158.939033647883,6868,6807,0,0,1,104,104
-830.6697171963997,1418,1486,696,696,0.25,18,18
5593.225893158348,3553,3487,551,551,0.5,43,43
33944.33594302153,4993,5124,306,335,0.75,70,70
-13298.218881981298,6593,6807,0,0,1,103,104
6276.271351951095,1645,1486,696,696,0.25,18,18
20381.248909407346,3547,3487,531,551,0.5,43,43
26507.61385288284,5283,5124,335,335,0.75,70,70
96982.06990006696,7021,6807,0,0,1,103,104
1949.0236333945968,1497,1486,686,696,0.25,18,18
10465.852246466919,3620,3487,531,551,0.5,43,43
11393.684120486092,5066,5124,306,335,0.75,70,70
28421.989285885313,6802,6807,0,0,1,102,104
6033.95044214341,1618,1486,686,696,0.25,18,18
15198.775768434016,3556,3487,551,551,0.5,43,43
42406.8068988231,5152,5124,306,335,0.75,70,70
46687.45324543977,6736,6807,0,0,1,103,104
12273.571967314612,1492,1486,686,696,0.25,18,18
6134.462412708883,3457,3487,551,551,0.5,43,43
5596.4286929069085,5295,5124,335,335,0.75,70,70
15917.43635421107,7020,6807,0,0,1,103,104
-1799.4255435951973,1678,1486,696,696,0.25,18,18
-5677.600981774084,3503,3487,551,551,0.5,43,43
425.83384433099354,5302,5124,306,335,0.75,70,70
-54607.90336722411,6708,6807,38,0,1,102,104
2171.4380952893953,1538,1486,686,696,0.25,18,18
19140.6866051147,3607,3487,531,551,0.5,43,43
-6120.459569643006,5166,5124,306,335,0.75,70,70
-71919.62783413989,6896,6807,0,0,1,103,104
2171.4380952893953,1538,1486,686,696,0.25,18,18
10370.004208757506,3424,3487,551,551,0.5,43,43
3558.5772463458125,5347,5124,306,335,0.75,70,70
3175.6959101385064,6939,6807,0,0,1,104,104
1335.6240939814907,1507,1486,696,696,0.25,18,18
26178.601873587213,3462,3487,531,551,0.5,43,43
30515.745833185665,5408,5124,306,335,0.75,70,70
-12115.564192236763,6961,6807,0,0,1,103,104
6286.986915376591,1541,1486,686,696,0.25,18,18
13738.207757938144,3391,3487,531,551,0.5,43,43
56505.534328722664,5290,5124,306,335,0.75,70,70
33199.28456178255,6756,6807,0,0,1,101,104
1949.0236333945968,1626,1486,696,696,0.25,18,18
2427.971162571482,3525,3487,551,551,0.5,43,43
-8185.259133448888,5339,5124,306,335,0.75,70,70
99578.89599022946,6812,6807,0,0,1,102,104
6568.446494279301,1555,1486,696,696,0.25,18,18
17552.28845559513,3622,3487,551,551,0.5,43,43
33993.35514811445,5221,5124,335,335,0.75,70,70
9958.29313581046,6987,6807,0,0,1,104,104
2171.4380952893953,1538,1486,686,696,0.25,18,18
-6428.006822222637,3494,3487,551,551,0.5,43,43
-12351.385742668204,5271,5124,335,335,0.75,70,70
-12013.781188158653,6933,6807,0,0,1,103,104
-147.6092274056009,1491,1486,696,696,0.25,18,18
-3258.55349943074,3675,3487,570,551,0.5,43,43
9298.781803370932,5280,5124,306,335,0.75,70,70
7288.750367121321,6874,6807,0,0,1,102,104
4778.0021492381065,1680,1486,686,696,0.25,18,18
-12708.469538575764,3907,3487,551,551,0.5,43,43
48061.52100826168,5350,5124,276,335,0.75,70,70
-28499.590409885444,6807,6807,0,0,1,103,104
2171.4380952893953,1538,1486,686,696,0.25,18,18
15390.1169164886,3563,3487,551,551,0.5,43,43
27099.842371875915,5242,5124,306,335,0.75,70,70
39802.63470773185,6969,6807,0,0,1,102,104
28683.67560361392,1763,1486,686,696,0.25,18,18
5531.844089385397,3567,3487,551,551,0.5,43,43
79486.70382083302,5413,5124,306,335,0.75,70,70
7223.371845273224,6865,6807,0,0,1,101,104
-830.6697171963997,1470,1486,696,696,0.25,18,18
6282.653533212579,3484,3487,531,551,0.5,43,43
-7669.486696897381,5135,5124,306,335,0.75,70,70
-30109.09669455579,6692,6807,38,0,1,102,104
2147.638697499695,1533,1486,696,696,0.25,18,18
33945.01458360836,3452,3487,531,551,0.5,43,43
13385.969611983335,5113,5124,335,335,0.75,70,70
74341.28305205095,6749,6807,0,0,1,102,104
2840.0222743100926,1551,1486,686,696,0.25,18,18
2537.042257893656,3427,3487,551,551,0.5,43,43
13381.384994684375,5160,5124,306,335,0.75,70,70
-38817.89861010616,6907,6807,0,0,1,103,104
12273.571967314612,1525,1486,686,696,0.25,18,18
-6854.849479414559,3682,3487,551,551,0.5,43,43
16953.306660835293,5260,5124,335,335,0.75,70,70
-10909.94063407264,7029,6807,0,0,1,102,104
7230.599288559399,1509,1486,686,696,0.25,18,18
11584.9490431443,3624,3487,551,551,0.5,43,43
8977.780829180898,5079,5124,335,335,0.75,70,70
24328.80498591788,6747,6807,0,0,1,103,104
2171.4380952893953,1502,1486,686,696,0.25,18,18
15243.672223720503,3462,3487,551,551,0.5,43,43
46077.91993673479,5192,5124,306,335,0.75,70,70
70464.4960043843,6703,6807,0,0,1,103,104
-2939.1637384798137,1537,1486,696,696,0.25,18,18
27656.34542117027,3445,3487,551,551,0.5,43,43
5982.310629852028,5212,5124,306,335,0.75,70,70
-19184.99754784644,6840,6807,0,0,1,102,104
0.0,1541,1486,696,696,0.25,18,18
3735.5481056547815,3452,3487,551,551,0.5,43,43
-24512.729331273746,5221,5124,335,335,0.75,70,70
-66540.38097842988,6857,6807,0,0,1,102,104
2171.4380952893953,1538,1486,686,696,0.25,18,18
28839.633067209943,3500,3487,551,551,0.5,43,43
15061.55434618169,5136,5124,306,335,0.75,70,70
-7048.30065062405,6837,6807,0,0,1,103,104
2171.4380952893953,1538,1486,686,696,0.25,18,18
9136.65230727398,3364,3487,551,551,0.5,43,43
18479.82519721241,4979,5124,306,335,0.75,70,70
6270.9185219320325,6779,6807,0,0,1,104,104
297.2664795749979,1747,1486,686,696,0.25,18,18
-5325.848233814282,3744,3487,551,551,0.5,43,43
5918.354105865854,5117,5124,306,335,0.75,70,70
-19837.983369872563,6918,6807,0,0,1,103,104
11276.421390210813,1500,1486,686,696,0.25,18,18
5149.047480930483,3402,3487,551,551,0.5,43,43
74877.10553931903,5145,5124,306,335,0.75,70,70
38743.22238880438,6869,6807,0,0,1,101,104
2223.1255475592952,1691,1486,696,696,0.25,18,18
4200.560657525979,3669,3487,551,551,0.5,43,43
11239.029367961068,5285,5124,306,335,0.75,70,70
-10962.326564774763,7011,6807,0,0,1,103,104
6838.839722309002,1549,1486,686,696,0.25,18,18
12467.331682800479,3521,3487,531,551,0.5,43,43
-19774.981313949247,5484,5124,306,335,0.75,70,70
11137.684185462642,6807,6807,38,0,1,100,104
-147.6092274056009,1491,1486,696,696,0.25,18,18
17648.46963478347,3570,3487,551,551,0.5,43,43
15036.19476214122,5257,5124,335,335,0.75,70,70
80385.01130499919,6694,6807,0,0,1,103,104
2528.6213847790787,1528,1486,696,696,0.25,18,18
-6286.913331220876,3560,3487,551,551,0.5,43,43
22075.48655011938,5002,5124,306,335,0.75,70,70
209.096524466966,6851,6807,0,0,1,103,104
35073.74811122178,1830,1486,686,696,0.25,18,18
15198.954793086705,3947,3487,531,551,0.5,43,43
29554.997610223676,5273,5124,335,335,0.75,70,70
-6234.59671620103,6892,6807,0,0,1,102,104
3215.6886214476076,1761,1486,696,696,0.25,18,18
23233.485676483793,3695,3487,551,551,0.5,43,43
40888.829508335184,5227,5124,306,335,0.75,70,70
120364.38772098982,6799,6807,0,0,1,102,104
2171.4380952893953,1538,1486,686,696,0.25,18,18
11271.762948436086,3488,3487,531,551,0.5,43,43
36995.46756383075,5253,5124,306,335,0.75,70,70
58349.38261206424,6694,6807,0,0,1,103,104
6838.839722309002,1436,1486,686,696,0.25,18,18
1416.0543831838963,3479,3487,551,551,0.5,43,43
19542.35940840945,5105,5124,335,335,0.75,70,70
30402.635016561457,6786,6807,0,0,1,103,104
-779.0021381124016,1476,1486,696,696,0.25,18,18
2225.005007577246,3426,3487,551,551,0.5,43,43
-18820.030075898532,4981,5124,335,335,0.75,70,70
15625.143714145504,6766,6807,0,0,1,104,104
738.0698197077963,1524,1486,696,696,0.25,18,18
3376.8099474959026,3614,3487,551,551,0.5,43,43
30527.72280033711,5188,5124,306,335,0.75,70,70
29211.442908811958,7053,6807,0,0,1,104,104
11420.906654901002,1524,1486,686,696,0.25,18,18
1396.415309781382,3265,3487,551,551,0.5,43,43
43801.11896561472,5225,5124,306,335,0.75,70,70
52331.34403113461,6858,6807,0,0,1,102,104
5758.129124626703,1561,1486,696,696,0.25,18,18
7661.531374130907,3621,3487,551,551,0.5,43,43
43191.51236903261,5373,5124,306,335,0.75,70,70
33455.39245977689,7178,6807,0,0,1,103,104
-2939.1637384798137,1537,1486,696,696,0.25,18,18
15084.55803304547,3617,3487,551,551,0.5,43,43
1264.526649080136,5233,5124,306,335,0.75,70,70
4979.166540374279,6981,6807,0,0,1,104,104
1241.3167994626,1464,1486,686,696,0.25,18,18
26075.40265912823,3407,3487,551,551,0.5,43,43
6492.264708488064,5139,5124,306,335,0.75,70,70
-33673.65347421356,6680,6807,0,0,1,101,104
1835.3451656817901,1554,1486,696,696,0.25,18,18
23289.34719004202,3806,3487,531,551,0.5,43,43
90373.16943670451,5325,5124,245,335,0.75,70,70
34247.29625099923,6841,6807,0,0,1,102,104
2630.368577815695,1598,1486,696,696,0.25,18,18
1371.5071720576834,3771,3487,551,551,0.5,43,43
54841.63034812485,5248,5124,276,335,0.75,70,70
104237.8473960381,6840,6807,0,0,1,103,104
797.1051775742949,1502,1486,696,696,0.25,18,18
23310.542615704362,3468,3487,531,551,0.5,43,43
73703.3365397,5181,5124,306,335,0.75,70,70
10701.339915715873,6701,6807,0,0,1,102,104
-2939.1637384798137,1537,1486,696,696,0.25,18,18
1700.9783768009638,3633,3487,551,551,0.5,43,43
-20921.431401230737,5326,5124,335,335,0.75,70,70
-39207.92447019647,7050,6807,0,0,1,104,104
-1396.6980576341075,1523,1486,696,696,0.25,18,18
1444.310674289054,3633,3487,551,551,0.5,43,43
38101.8570909529,5134,5124,306,335,0.75,70,70
48849.48756397738,6819,6807,0,0,1,101,104
-3603.029756963899,1506,1486,696,696,0.25,18,18
-3583.356906514228,3709,3487,570,551,0.5,43,43
48095.28607678242,5348,5124,306,335,0.75,70,70
9485.290021540863,6949,6807,0,0,1,102,104
6033.95044214341,1618,1486,686,696,0.25,18,18
12255.874781590763,3654,3487,551,551,0.5,43,43
27121.542239418974,5348,5124,306,335,0.75,70,70
29080.137031699087,7053,6807,0,0,1,104,104
4889.816088914406,1508,1486,686,696,0.25,18,18
10376.148177000385,3445,3487,551,551,0.5,43,43
44755.78919113902,5063,5124,306,335,0.75,70,70
52230.25178125667,6594,6807,0,0,1,101,104
1241.3167994626,1464,1486,686,696,0.25,18,18
6059.326921076201,3542,3487,551,551,0.5,43,43
55993.75492048111,5207,5124,306,335,0.75,70,70
72661.51049518127,6939,6807,0,0,1,102,104
7455.957246784987,1517,1486,686,696,0.25,18,18
71705.58533812495,3542,3487,531,551,0.5,43,43
4818.051309043018,5087,5124,335,335,0.75,70,70
13725.042165018454,6803,6807,0,0,1,103,104
2138.245836617497,1750,1486,696,696,0.25,18,18
20758.864769357024,3498,3487,551,551,0.5,43,43
30104.51853561638,5329,5124,335,335,0.75,70,70
101344.07122150635,6909,6807,0,0,1,103,104
-2717.8795835330025,1514,1486,686,696,0.25,18,18
-10885.295010650796,3721,3487,551,551,0.5,43,43
53940.89639460429,5330,5124,306,335,0.75,70,70
-36709.77678050231,6861,6807,0,0,1,103,104
4889.816088914406,1508,1486,686,696,0.25,18,18
12660.192126733076,3502,3487,531,551,0.5,43,43
16741.38073368447,5253,5124,306,335,0.75,70,70
29032.39564014307,6880,6807,0,0,1,104,104
6568.446494279301,1646,1486,696,696,0.25,18,18
32850.16433647306,3626,3487,531,551,0.5,43,43
24597.14704363737,5411,5124,306,335,0.75,70,70
12852.409280971477,6837,6807,38,0,1,102,104
0.0,1398,1486,696,696,0.25,18,18
-7095.4652183593325,3661,3487,551,551,0.5,43,43
-13147.656999004437,5392,5124,335,335,0.75,70,70
-24658.155425333105,6787,6807,0,0,1,102,104
4889.816088914406,1508,1486,686,696,0.25,18,18
22909.209035869328,3571,3487,531,551,0.5,43,43
18347.596015497817,5105,5124,306,335,0.75,70,70
-995.3342872736159,6876,6807,0,0,1,102,104
0.0,1627,1486,696,696,0.25,18,18
4011.2514523685377,3813,3487,551,551,0.5,43,43
58957.60505023079,5226,5124,306,335,0.75,70,70
86037.97116610993,6775,6807,0,0,1,102,104
2147.638697499695,1533,1486,696,696,0.25,18,18
18856.509088193954,3582,3487,531,551,0.5,43,43
9765.562235308375,5372,5124,306,335,0.75,70,70
20249.551098716387,6906,6807,0,0,1,103,104
-1645.276221219204,1709,1486,696,696,0.25,18,18
-1035.9964228886483,3849,3487,531,551,0.5,43,43
10869.585141951335,5565,5124,306,335,0.75,70,70
-39926.29007527296,6946,6807,0,0,1,102,104
2171.4380952893953,1502,1486,686,696,0.25,18,18
18145.244842651122,3514,3487,551,551,0.5,43,43
23198.94471089413,5082,5124,335,335,0.75,70,70
28348.674201087655,6574,6807,0,0,1,103,104
6276.271351951095,1645,1486,696,696,0.25,18,18
12922.891065987122,3542,3487,551,551,0.5,43,43
32045.561002933337,5297,5124,335,335,0.75,70,70
77539.10208303716,6912,6807,0,0,1,103,104
2171.4380952893953,1538,1486,686,696,0.25,18,18
380.1121313197764,3461,3487,551,551,0.5,43,43
51358.48716377765,5138,5124,306,335,0.75,70,70
15267.729500117246,6734,6807,0,0,1,102,104
7230.599288559399,1509,1486,686,696,0.25,18,18
-2657.9081762245155,3487,3487,551,551,0.5,43,43
-9220.836938058257,5320,5124,335,335,0.75,70,70
54887.85358690864,6852,6807,0,0,1,102,104
-147.6092274056009,1491,1486,696,696,0.25,18,18
15508.014186789782,3510,3487,551,551,0.5,43,43
25683.288436436378,5209,5124,306,335,0.75,70,70
5003.795079506681,6827,6807,38,0,1,102,104
0.0,1478,1486,696,696,0.25,18,18
-3532.112197449664,3492,3487,551,551,0.5,43,43
15181.482855813414,5297,5124,306,335,0.75,70,70
-2690.8489568548794,6971,6807,38,0,1,102,104
4889.816088914406,1508,1486,686,696,0.25,18,18
27081.03313248186,3523,3487,531,551,0.5,43,43
-5429.338167532275,5054,5124,335,335,0.75,70,70
23561.569517148862,6673,6807,0,0,1,101,104
13204.079117794816,1522,1486,686,696,0.25,18,18
223.32661213637812,3438,3487,551,551,0.5,43,43
54541.992000274404,5150,5124,335,335,0.75,70,70
-2589.0042706397103,6868,6807,0,0,1,103,104
2147.638697499695,1533,1486,696,696,0.25,18,18
21818.63609284815,3497,3487,531,551,0.5,43,43
45337.87133843652,5139,5124,306,335,0.75,70,70
106951.32458476264,6730,6807,0,0,1,103,104
4889.816088914406,1508,1486,686,696,0.25,18,18
0.0,3487,3487,551,551,0.5,43,43
-14146.087073483799,5212,5124,335,335,0.75,70,70
11991.329361799248,6844,6807,0,0,1,103,104
2528.6213847790787,1528,1486,696,696,0.25,18,18
33882.34466396556,3556,3487,531,551,0.5,43,43
-6037.528268755168,5242,5124,306,335,0.75,70,70
-3746.1905865179483,6760,6807,0,0,1,103,104
2171.4380952893953,1538,1486,686,696,0.25,18,18
6938.368042229671,3689,3487,551,551,0.5,43,43
14979.527154434201,5375,5124,306,335,0.75,70,70
25907.065083160807,7048,6807,0,0,1,102,104
6033.95044214341,1620,1486,686,696,0.25,18,18
32728.326031862984,3527,3487,551,551,0.5,43,43
19010.957067445033,5283,5124,306,335,0.75,70,70
-43155.75882275287,6967,6807,0,0,1,104,104
2171.4380952893953,1538,1486,686,696,0.25,18,18
9146.557604049995,3474,3487,531,551,0.5,43,43
-1451.9181346980008,5181,5124,335,335,0.75,70,70
-4779.4673184807325,6786,6807,0,0,1,102,104
2171.4380952893953,1538,1486,686,696,0.25,18,18
36791.7616727094,3604,3487,531,551,0.5,43,43
60316.768976819,4972,5124,306,335,0.75,70,70
7845.578404411926,6609,6807,0,0,1,102,104
14379.6884942075,1759,1486,686,696,0.25,18,18
11742.919302138802,3765,3487,551,551,0.5,43,43
42154.35552578092,5279,5124,306,335,0.75,70,70
23661.521316852093,7001,6807,0,0,1,103,104
4889.816088914406,1461,1486,686,696,0.25,18,18
15680.89471540581,3484,3487,531,551,0.5,43,43
-7395.9316146448,5334,5124,306,335,0.75,70,70
-15400.196432131666,6926,6807,0,0,1,102,104
4889.816088914406,1508,1486,686,696,0.25,18,18
8029.594425100819,3534,3487,531,551,0.5,43,43
959.1898126365688,5268,5124,306,335,0.75,70,70
11820.285203442072,6931,6807,0,0,1,102,104
6621.947054015685,1763,1486,686,696,0.25,18,18
13735.9335046787,3710,3487,551,551,0.5,43,43
75696.4569708911,5058,5124,306,335,0.75,70,70
93025.84460277573,6749,6807,0,0,1,103,104
7230.599288559399,1509,1486,686,696,0.25,18,18
27081.03313248186,3514,3487,531,551,0.5,43,43
-1810.6697899005026,5086,5124,335,335,0.75,70,70
-9177.608915273551,6489,6807,38,0,1,101,104
1335.6240939814907,1507,1486,696,696,0.25,18,18
25142.43255966914,3556,3487,551,551,0.5,43,43
37708.27642093021,5154,5124,306,335,0.75,70,70
71622.00031687063,6881,6807,0,0,1,103,104
4889.816088914406,1508,1486,686,696,0.25,18,18
27081.03313248186,3514,3487,531,551,0.5,43,43
-3203.2790872041805,5043,5124,335,335,0.75,70,70
3171.4823727684593,6721,6807,0,0,1,103,104
5758.129124626703,1561,1486,696,696,0.25,18,18
10948.676223480226,3588,3487,551,551,0.5,43,43
5603.616466698271,5255,5124,306,335,0.75,70,70
7251.494164995802,6928,6807,0,0,1,104,104
6568.446494279301,1555,1486,696,696,0.25,18,18
20765.54081481033,3743,3487,551,551,0.5,43,43
26626.71460201264,5403,5124,335,335,0.75,70,70
52950.36143778,6981,6807,0,0,1,103,104
3412.7548947519954,1483,1486,686,696,0.25,18,18
27081.03313248186,3514,3487,531,551,0.5,43,43
35112.53134043769,5343,5124,306,335,0.75,70,70
73367.38829141443,6981,6807,0,0,1,104,104
6579.589209595808,1521,1486,686,696,0.25,18,18
9086.350847556198,3613,3487,551,551,0.5,43,43
3150.5054279868814,5185,5124,335,335,0.75,70,70
4681.9326276613065,6794,6807,0,0,1,102,104
637.7526851221037,1567,1486,686,696,0.25,18,18
59691.2664572647,3335,3487,531,551,0.5,43,43
5394.950507180401,4904,5124,306,335,0.75,70,70
22118.074774266974,6876,6807,0,0,1,103,104
4889.816088914406,1510,1486,686,696,0.25,18,18
-8660.345449812841,3662,3487,551,551,0.5,43,43
13992.9652997282,5163,5124,335,335,0.75,70,70
-4691.674887329352,6950,6807,0,0,1,102,104
5604.486592486097,1590,1486,686,696,0.25,18,18
-1098.6569872893278,3532,3487,551,551,0.5,43,43
-20345.988303007325,5275,5124,306,335,0.75,70,70
-81195.85807303934,6920,6807,0,0,1,103,104
6033.95044214341,1618,1486,686,696,0.25,18,18
5302.2777699884,3465,3487,551,551,0.5,43,43
43090.583543523004,5242,5124,306,335,0.75,70,70
72194.05623155332,6918,6807,0,0,1,103,104
-1205.1461538334092,1663,1486,696,696,0.25,18,18
8099.174361343328,3650,3487,551,551,0.5,43,43
37712.90809812261,5089,5124,276,335,0.75,70,70
8991.043642931329,7010,6807,0,0,1,104,104
1241.3167994626,1464,1486,686,696,0.25,18,18
20238.613415570704,3492,3487,531,551,0.5,43,43
49491.90813407528,5155,5124,306,335,0.75,70,70
9862.255425562451,6789,6807,0,0,1,102,104
